Moon Phase,Mysuru Date,Moscow,Saint-Petersburg,Yekaterinburg,Krasnaya Polyana,Novosibirsk,Minsk,Kyiv,Astana,Almaty
PURNIMA,03 Jan 2026,,,,,,,,,
AMAVASYA,18 Jan 2026,,,,,,,,,
PURNIMA,01 Feb 2026,,,,,,,,,
AMAVASYA,17 Feb 2026,,,,,,,,,
PURNIMA,03 Mar 2026,,,,,,,,,
AMAVASYA,19 Mar 2026,18 Mar 2026,18 Mar 2026,※,18 Mar 2026,,18 Mar 2026,18 Mar 2026,,
PURNIMA,02 Apr 2026,01 Apr 2026,01 Apr 2026,,01 Apr 2026,,01 Apr 2026,01 Apr 2026,,
AMAVASYA,17 Apr 2026,,,,,,,,,
PURNIMA,01 May 2026,,,,,,,,,
AMAVASYA,16 May 2026,,,※,,※,,,※,※
PURNIMA,31 May 2026,,,,,,,,,
AMAVASYA,15 Jun 2026,,,,,,,,,
PURNIMA,29 Jun 2026,,,,,,,,,
AMAVASYA,14 Jul 2026,,,,,,,,,
PURNIMA,29 Jul 2026,,,,,,,,,
AMAVASYA,12 Aug 2026,,,,,,,,,
PURNIMA,28 Aug 2026,,,,,,,,,
AMAVASYA,11 Sep 2026,,,,,,※,,,
PURNIMA,26 Sep 2026,,,,,,,,,
AMAVASYA,10 Oct 2026,,,,,,,,,
PURNIMA,26 Oct 2026,※,※,,,,※,※,,
AMAVASYA,09 Nov 2026,,,,,,,,,
PURNIMA,24 Nov 2026,,,,,,,,,
AMAVASYA,08 Dec 2026,,,,,,,,,
PURNIMA,24 Dec 2026,23 Dec 2026,23 Dec 2026,※,※,※,23 Dec 2026,23 Dec 2026,※,※
AMAVASYA,07 Jan 2027,,,,,,,,,
PURNIMA,22 Jan 2027,,,,,,,,,
AMAVASYA,06 Feb 2027,,,,,,,,,
PURNIMA ※,20 Feb 2027,,,,,※,,,※,※
AMAVASYA,08 Mar 2027,,,,,,,,,
PURNIMA,22 Mar 2027,,,,,,,,,
AMAVASYA,06 Apr 2027,,,,,07 Apr 2027,,,,
PURNIMA,20 Apr 2027,,,,,※,,,,
AMAVASYA,06 May 2027,,,,,,,,,
PURNIMA,20 May 2027,,,,,,,,,
AMAVASYA,04 Jun 2027,,,,,※,,,,
PURNIMA,18 Jun 2027,,,19 Jun 2027,,19 Jun 2027,,,19 Jun 2027,
AMAVASYA,04 Jul 2027,,,,,,,,,
PURNIMA,18 Jul 2027,,,,,,,,,
AMAVASYA,02 Aug 2027,,,,,,,,,
PURNIMA,17 Aug 2027,,,,,,,,,
AMAVASYA,31 Aug 2027,,,,,,,,,
PURNIMA,15 Sep 2027,,,,,,,,,
AMAVASYA,30 Sep 2027,※,※,,※,,※,※,,
PURNIMA,15 Oct 2027,,,,,,,,,
AMAVASYA,29 Oct 2027,,,,,,,,,
PURNIMA,14 Nov 2027,13 Nov 2027,13 Nov 2027,※,※,,13 Nov 2027,13 Nov 2027,,
AMAVASYA,28 Nov 2027,27 Nov 2027,27 Nov 2027,27 Nov 2027,27 Nov 2027,,27 Nov 2027,27 Nov 2027,,
PURNIMA,13 Dec 2027,,,,,,,,,
AMAVASYA,27 Dec 2027,,,,,,,,,
PURNIMA,12 Jan 2028,※,※,※,※,,※,※,,
AMAVASYA,26 Jan 2028,,,,,,,,,
PURNIMA,10 Feb 2028,,,,,,,,,
AMAVASYA,25 Feb 2028,,,,,,,,,
PURNIMA,11 Mar 2028,※,※,※,※,,※,※,※,※
AMAVASYA,26 Mar 2028,25 Mar 2028,25 Mar 2028,,25 Mar 2028,,25 Mar 2028,25 Mar 2028,,
PURNIMA,09 Apr 2028,,,,,,,,,
AMAVASYA,24 Apr 2028,,,,,,,,,
PURNIMA,08 May 2028,,,,,,,,,
AMAVASYA,24 May 2028,,,,,,,,,
PURNIMA,07 Jun 2028,,,,,,,,,
AMAVASYA,22 Jun 2028,,,,,,,,,
PURNIMA,06 Jul 2028,,,,,,,,,
AMAVASYA,22 Jul 2028,,,,,,,,,
PURNIMA,05 Aug 2028,,,,,,,,,
AMAVASYA,20 Aug 2028,,,,,,,,,
PURNIMA,03 Sep 2028,,,,,,,,,
AMAVASYA,18 Sep 2028,,,,,,,,,
PURNIMA,03 Oct 2028,,,,,,,,,
AMAVASYA,18 Oct 2028,※,※,,※,,※,※,,
PURNIMA,02 Nov 2028,,,,,,,,,
AMAVASYA,16 Nov 2028,,,,,,,,,
PURNIMA,02 Dec 2028,01 Dec 2028,01 Dec 2028,01 Dec 2028,01 Dec 2028,01 Dec 2028,01 Dec 2028,01 Dec 2028,01 Dec 2028,01 Dec 2028
AMAVASYA,16 Dec 2028,15 Dec 2028,15 Dec 2028,15 Dec 2028,15 Dec 2028,※,15 Dec 2028,15 Dec 2028,※,※
PURNIMA,31 Dec 2028,,,,,,,,,
AMAVASYA,14 Jan 2029,,,,,,,,,
PURNIMA,30 Jan 2029,,※,,,,,,,
AMAVASYA,13 Feb 2029,,,,,,,,,
PURNIMA,28 Feb 2029,,,,,,,,,
AMAVASYA,15 Mar 2029,14 Mar 2029,14 Mar 2029,14 Mar 2029,14 Mar 2029,,14 Mar 2029,14 Mar 2029,,
PURNIMA,30 Mar 2029,※,※,,※,,※,※,,
AMAVASYA,13 Apr 2029,,,,,,,,,
PURNIMA,28 Apr 2029,,,,,,,,,
AMAVASYA,13 May 2029,,,,,,,,,
PURNIMA,27 May 2029,,,,,,,,,
AMAVASYA,12 Jun 2029,,,,,,,,,
PURNIMA,26 Jun 2029,,,,,,,,,
AMAVASYA,11 Jul 2029,,,,,,,,,
PURNIMA,25 Jul 2029,,,,,,,,,
AMAVASYA,10 Aug 2029,,※,,※,,※,※,,
PURNIMA,24 Aug 2029,23 Aug 2029,23 Aug 2029,,23 Aug 2029,,23 Aug 2029,23 Aug 2029,,
AMAVASYA,08 Sep 2029,,,,,,,,,
PURNIMA,22 Sep 2029,,,,,,,,,
AMAVASYA,07 Oct 2029,,,,,,,,,
PURNIMA,22 Oct 2029,,,,,,,,,
AMAVASYA,06 Nov 2029,※,※,,,,※,※,,
PURNIMA,21 Nov 2029,20 Nov 2029,20 Nov 2029,20 Nov 2029,20 Nov 2029,20 Nov 2029,20 Nov 2029,20 Nov 2029,20 Nov 2029,20 Nov 2029
AMAVASYA,05 Dec 2029,,,,,,,,,
PURNIMA,20 Dec 2029,,,,,,,,,
AMAVASYA,04 Jan 2030,03 Jan 2030,03 Jan 2030,※,※,※,03 Jan 2030,03 Jan 2030,※,
PURNIMA,19 Jan 2030,,,,,,,,,
AMAVASYA,02 Feb 2030,,,,,,,,,
PURNIMA,18 Feb 2030,,,,,,,,,
AMAVASYA,04 Mar 2030,,,,,,,,,
PURNIMA,19 Mar 2030,,,,,,,,,
AMAVASYA,02 Apr 2030,,,,,,,,,
PURNIMA,18 Apr 2030,,,,,,,,,
AMAVASYA,02 May 2030,,,,,,,,,
PURNIMA,17 May 2030,,,,,,,,,
AMAVASYA,01 Jun 2030,,,,,,,,,
PURNIMA,15 Jun 2030,,,,,※,,,,
AMAVASYA,30 Jun 2030,,,,,,,,,
PURNIMA,15 Jul 2030,,,,,,,,,
AMAVASYA,30 Jul 2030,,,,,,,,,
PURNIMA,13 Aug 2030,,,,,,,,,
AMAVASYA,28 Aug 2030,,,,,※,,,,
PURNIMA,11 Sep 2030,,,,,,,,,
AMAVASYA,27 Sep 2030,,,,,,,,,
PURNIMA,11 Oct 2030,,,,,,,,,
AMAVASYA,26 Oct 2030,,,,,,,,,
PURNIMA,10 Nov 2030,09 Nov 2030,09 Nov 2030,09 Nov 2030,09 Nov 2030,09 Nov 2030,09 Nov 2030,09 Nov 2030,09 Nov 2030,09 Nov 2030
AMAVASYA,25 Nov 2030,,,,,,,,,
PURNIMA,09 Dec 2030,,,,,,,,,
AMAVASYA,24 Dec 2030,,,,,,,,,
PURNIMA,08 Jan 2031,,,,,,,,,
AMAVASYA,23 Jan 2031,※,※,,※,,※,※,,
PURNIMA,07 Feb 2031,,,,,,,,,
AMAVASYA,21 Feb 2031,,,,,,,,,
PURNIMA,09 Mar 2031,,08 Mar 2031,,,,08 Mar 2031,08 Mar 2031,,
AMAVASYA,23 Mar 2031,,※,,,,※,※,,
PURNIMA,07 Apr 2031,,,,,,,,,
AMAVASYA,21 Apr 2031,,,,,,,,,
PURNIMA,07 May 2031,,,,,,,,,
AMAVASYA,21 May 2031,,,,,,,,,
PURNIMA,05 Jun 2031,,,,,,,,,
AMAVASYA,19 Jun 2031,,,,,,,,,
PURNIMA,04 Jul 2031,,,,,※,,,,
AMAVASYA,19 Jul 2031,,,,,,,,,
PURNIMA,03 Aug 2031,,,,※,,※,※,,
AMAVASYA,18 Aug 2031,,,,,,17 Aug 2031,17 Aug 2031,,
PURNIMA,01 Sep 2031,,,,,,,,,
AMAVASYA,16 Sep 2031,,,,,,,,,
PURNIMA,30 Sep 2031,,,,,,,,,
AMAVASYA,16 Oct 2031,,,,,,,,,
PURNIMA,30 Oct 2031,,,,,,,,,
AMAVASYA,14 Nov 2031,,,,,,,,,
PURNIMA,28 Nov 2031,,,,,,,,,
AMAVASYA,14 Dec 2031,,,,,,,,,
PURNIMA,28 Dec 2031,,,,,,,,,
AMAVASYA,12 Jan 2032,,,,,,,,,
PURNIMA,27 Jan 2032,,,,,,,,,
AMAVASYA,11 Feb 2032,,,,,,,,,
PURNIMA,26 Feb 2032,,,,,,,,,
AMAVASYA,11 Mar 2032,,,,,,,,,
PURNIMA,26 Mar 2032,,,,,,,,,
AMAVASYA,10 Apr 2032,,※,,※,,※,※,,
PURNIMA,25 Apr 2032,,,,,,,,,
AMAVASYA,09 May 2032,,,,,,,,,
PURNIMA,25 May 2032,,,,,,,,,
AMAVASYA,08 Jun 2032,,,,07 Jun 2032,,07 Jun 2032,07 Jun 2032,,
PURNIMA,23 Jun 2032,,,,,,,,,
AMAVASYA,07 Jul 2032,,,,,,,,,
PURNIMA,22 Jul 2032,,,,,※,,,,
AMAVASYA,06 Aug 2032,,,,,,,,,
PURNIMA,21 Aug 2032,※,※,,※,,※,※,,
AMAVASYA,04 Sep 2032,,,,,,,,,
PURNIMA,19 Sep 2032,,,,,,,,,
AMAVASYA,04 Oct 2032,,,,,,,,,
PURNIMA,18 Oct 2032,,,,,,,,,
AMAVASYA,03 Nov 2032,,02 Nov 2032,,,,02 Nov 2032,02 Nov 2032,,
PURNIMA,17 Nov 2032,,,,,,,,,
AMAVASYA,02 Dec 2032,,,,,,,,,
PURNIMA,16 Dec 2032,,,,,,,,,
AMAVASYA,01 Jan 2033,,,,,,,,,
PURNIMA,15 Jan 2033,,,,,,,,,
AMAVASYA,30 Jan 2033,,,,,,,,,
PURNIMA,14 Feb 2033,,13 Feb 2033,,,,13 Feb 2033,13 Feb 2033,,
AMAVASYA,01 Mar 2033,,,,,,,,,
PURNIMA,15 Mar 2033,,,,,,,,,
AMAVASYA,30 Mar 2033,,,,,,,,,
PURNIMA,14 Apr 2033,,,,,,,,,
AMAVASYA,29 Apr 2033,,,,,,,,,
PURNIMA,14 May 2033,,,,,,,,,
AMAVASYA,28 May 2033,,,,,,,,,
PURNIMA,12 Jun 2033,,,13 Jun 2033,,13 Jun 2033,,,13 Jun 2033,13 Jun 2033
AMAVASYA,26 Jun 2033,,,,,※,,,,
PURNIMA,12 Jul 2033,,,,,,,,,
AMAVASYA,26 Jul 2033,,,,,,,,,
PURNIMA,10 Aug 2033,,,,,,,,,
AMAVASYA,24 Aug 2033,,,,,,,,,
PURNIMA,09 Sep 2033,※,※,,※,,※,※,,
AMAVASYA,23 Sep 2033,,,,,,,,,
PURNIMA,08 Oct 2033,,,,,,,,,
AMAVASYA,23 Oct 2033,,22 Oct 2033,,,,22 Oct 2033,,,
PURNIMA,06 Nov 2033,,,,,,,,,
AMAVASYA,21 Nov 2033,,,,,,,,,
PURNIMA,06 Dec 2033,,,,,,,,,
AMAVASYA,21 Dec 2033,,,,,,,,,
PURNIMA,04 Jan 2034,,,,,,,,,
AMAVASYA,20 Jan 2034,,,,,,,,,
PURNIMA,03 Feb 2034,,,,,,,,,
AMAVASYA ※,18 Feb 2034,,,,,,,,,
PURNIMA,04 Mar 2034,,,,,,,,,
AMAVASYA,20 Mar 2034,,,,,,,,,
PURNIMA,03 Apr 2034,,,,,,,,,
AMAVASYA,18 Apr 2034,,,,,,,,,
PURNIMA,03 May 2034,,,,,,,,,
AMAVASYA,18 May 2034,,,,,,,,,
PURNIMA,02 Jun 2034,,,,,,,01 Jun 2034,,
AMAVASYA,16 Jun 2034,,,,,,,,,
PURNIMA,01 Jul 2034,,,,,,,,,
AMAVASYA,15 Jul 2034,,,,,,,,,
PURNIMA,31 Jul 2034,,,,,,,,,
AMAVASYA,14 Aug 2034,,,,,,,,,
PURNIMA,29 Aug 2034,,,,,,,,,
AMAVASYA,12 Sep 2034,,,,,,,,,
PURNIMA,28 Sep 2034,※,※,,※,,※,※,,
AMAVASYA,12 Oct 2034,,,,,,,,,
PURNIMA,27 Oct 2034,,,,,,,,,
AMAVASYA,10 Nov 2034,,,,,,,,,
PURNIMA ※,25 Nov 2034,,,,,※,,,,※
AMAVASYA,10 Dec 2034,,,,,,,,,
PURNIMA,25 Dec 2034,,,,,,,,,
AMAVASYA,09 Jan 2035,,,,,,,,,
PURNIMA,23 Jan 2035,,,,,,,,,
AMAVASYA,08 Feb 2035,,,,,,,,,
PURNIMA,22 Feb 2035,,,,,,,,,
AMAVASYA,09 Mar 2035,,,,,,,,,
PURNIMA,23 Mar 2035,,,,,,,,,
AMAVASYA,08 Apr 2035,,,,,,,,,
PURNIMA,22 Apr 2035,,,,,,,,,
AMAVASYA,07 May 2035,,,,,※,,,,
PURNIMA,22 May 2035,,,,,,,,,
AMAVASYA,06 Jun 2035,,,,,,,,,
PURNIMA,20 Jun 2035,,,,,,,,,
AMAVASYA,05 Jul 2035,,,,,,,,,
PURNIMA,20 Jul 2035,,,,,,,,,
AMAVASYA,03 Aug 2035,,,,,,,,,
PURNIMA,18 Aug 2035,,,,,19 Aug 2035,,,,
AMAVASYA,02 Sep 2035,※,※,,※,,※,※,,
PURNIMA,17 Sep 2035,,,,,,,,,
AMAVASYA,01 Oct 2035,,,,,,,,,
PURNIMA,17 Oct 2035,※,16 Oct 2035,,※,,16 Oct 2035,16 Oct 2035,,
AMAVASYA,31 Oct 2035,30 Oct 2035,30 Oct 2035,30 Oct 2035,30 Oct 2035,,30 Oct 2035,30 Oct 2035,,
PURNIMA,15 Nov 2035,,,,,,,,,
AMAVASYA,29 Nov 2035,,,,,,,,,
PURNIMA ※,14 Dec 2035,,,,,※,,,※,※
AMAVASYA,29 Dec 2035,,,,,,,,,
PURNIMA,13 Jan 2036,,,,,,,,,
AMAVASYA,28 Jan 2036,,,,,,,,,
PURNIMA ※,11 Feb 2036,,,,,,,,,
AMAVASYA,27 Feb 2036,26 Feb 2036,26 Feb 2036,,26 Feb 2036,,26 Feb 2036,26 Feb 2036,,
PURNIMA,12 Mar 2036,,,,,,,,,
AMAVASYA,27 Mar 2036,,,,,,,,,
PURNIMA,10 Apr 2036,,,,,,,,,
AMAVASYA,26 Apr 2036,,,,,,,,,
PURNIMA,10 May 2036,,,,,,,,,
AMAVASYA,25 May 2036,,,,,,,,,
PURNIMA,08 Jun 2036,,,,,,,,,
AMAVASYA,24 Jun 2036,,,,,,,,,
PURNIMA,08 Jul 2036,,,,,,,,,
AMAVASYA,23 Jul 2036,,,,,,,,,
PURNIMA,06 Aug 2036,,,07 Aug 2036,,07 Aug 2036,,,07 Aug 2036,07 Aug 2036
AMAVASYA,21 Aug 2036,,,,,,,,,
PURNIMA,05 Sep 2036,,,,,,,,,
AMAVASYA,20 Sep 2036,※,※,,※,,※,※,,
PURNIMA,05 Oct 2036,,,,,,,,,
AMAVASYA,19 Oct 2036,,,,,,,,,
PURNIMA ※,03 Nov 2036,,,,,,,,,
AMAVASYA ※,17 Nov 2036,,,,,,,,,
PURNIMA,03 Dec 2036,,,,,,,,,
AMAVASYA,17 Dec 2036,,,,,,,,,
PURNIMA,02 Jan 2037,01 Jan 2037,01 Jan 2037,※,※,※,01 Jan 2037,01 Jan 2037,※,
AMAVASYA,16 Jan 2037,,,,,,,,,
PURNIMA,31 Jan 2037,,,,,,,,,
AMAVASYA,15 Feb 2037,14 Feb 2037,14 Feb 2037,14 Feb 2037,14 Feb 2037,,14 Feb 2037,14 Feb 2037,14 Feb 2037,
PURNIMA ※,01 Mar 2037,,,※,※,※,,,※,※
AMAVASYA,16 Mar 2037,,,,,,,,,
PURNIMA,31 Mar 2037,,,,,,,,,
AMAVASYA,15 Apr 2037,,,,,,,,,
PURNIMA,29 Apr 2037,,,,,,,,,
AMAVASYA,15 May 2037,,,,,,,,,
PURNIMA,29 May 2037,,,,,,,,,
AMAVASYA,13 Jun 2037,,,,,,,,,
PURNIMA,27 Jun 2037,,,,,,,,,
AMAVASYA,13 Jul 2037,,,,,,,,,
PURNIMA,27 Jul 2037,,,,,,,,,
AMAVASYA,11 Aug 2037,,,,,,,,,
PURNIMA,25 Aug 2037,,,,,,,,,
AMAVASYA,09 Sep 2037,,,,,,,,,
PURNIMA,24 Sep 2037,,,,,,,,,
AMAVASYA,09 Oct 2037,※,※,,※,,※,※,,
PURNIMA,24 Oct 2037,23 Oct 2037,23 Oct 2037,23 Oct 2037,23 Oct 2037,,23 Oct 2037,23 Oct 2037,,
AMAVASYA,07 Nov 2037,,,,,,,,,
PURNIMA,22 Nov 2037,,,,,,,,,
AMAVASYA ※,06 Dec 2037,,,,,,,,,
PURNIMA,22 Dec 2037,,,,,,,,,
AMAVASYA,05 Jan 2038,,,,,,,,,
PURNIMA,21 Jan 2038,20 Jan 2038,20 Jan 2038,※,※,,20 Jan 2038,20 Jan 2038,,
AMAVASYA,04 Feb 2038,03 Feb 2038,03 Feb 2038,,,,03 Feb 2038,03 Feb 2038,,
PURNIMA,19 Feb 2038,,,,,,,,,
AMAVASYA,05 Mar 2038,,,,,,,,,
PURNIMA,21 Mar 2038,※,※,,※,,※,※,,
AMAVASYA,04 Apr 2038,,,,,,,,,
PURNIMA,19 Apr 2038,,,,,,,,,
AMAVASYA,04 May 2038,,,,,,,,,
PURNIMA,18 May 2038,,,,,,,,,
AMAVASYA,02 Jun 2038,,,,,03 Jun 2038,,,,
PURNIMA,17 Jun 2038,,,,,,,,,
AMAVASYA,02 Jul 2038,,,,,,,,,
PURNIMA,16 Jul 2038,,,,,,,,,
AMAVASYA,01 Aug 2038,※,※,,31 Jul 2038,,31 Jul 2038,31 Jul 2038,,
PURNIMA,14 Aug 2038,,,,,※,,,,
AMAVASYA,30 Aug 2038,,,,,,,,,
PURNIMA,13 Sep 2038,,,,,,,,,
AMAVASYA,28 Sep 2038,,,,,,,,,
PURNIMA,13 Oct 2038,12 Oct 2038,12 Oct 2038,12 Oct 2038,12 Oct 2038,,12 Oct 2038,12 Oct 2038,,
AMAVASYA,28 Oct 2038,※,※,,,,※,※,,
PURNIMA,11 Nov 2038,,,,,,,,,
AMAVASYA,26 Nov 2038,,,,,,,,,
PURNIMA,11 Dec 2038,,,,,,,,,
AMAVASYA ※,25 Dec 2038,,,,,※,,,※,※
PURNIMA,10 Jan 2039,,,,,,,,,
AMAVASYA,24 Jan 2039,,,,,,,,,
PURNIMA,09 Feb 2039,08 Feb 2039,08 Feb 2039,※,08 Feb 2039,,08 Feb 2039,08 Feb 2039,,
AMAVASYA,23 Feb 2039,22 Feb 2039,22 Feb 2039,,22 Feb 2039,,22 Feb 2039,22 Feb 2039,,
PURNIMA,10 Mar 2039,,,,,,,,,
AMAVASYA,24 Mar 2039,,,,,,,,,
PURNIMA,09 Apr 2039,,※,,,,※,※,,
AMAVASYA,23 Apr 2039,,,,,,,,,
PURNIMA,08 May 2039,,,,,,,,,
AMAVASYA,22 May 2039,,,,,23 May 2039,,,,
PURNIMA,06 Jun 2039,,,,,※,,,,
AMAVASYA,21 Jun 2039,,,,,,,,,
PURNIMA,06 Jul 2039,,,,,,,,,
AMAVASYA,21 Jul 2039,,,,,,,,,
PURNIMA,04 Aug 2039,,,,,,,,,
AMAVASYA,19 Aug 2039,,,,,,,,,
PURNIMA,02 Sep 2039,,,,,,,,,
AMAVASYA,18 Sep 2039,,,,,,,,,
PURNIMA,02 Oct 2039,,,,,,,,,
AMAVASYA,17 Oct 2039,,,,,,,,,
PURNIMA,31 Oct 2039,,,,,,,,,
AMAVASYA,16 Nov 2039,,※,,,,,,,
PURNIMA,30 Nov 2039,,,,,,,,,
AMAVASYA,15 Dec 2039,,,,,,,,,
PURNIMA,30 Dec 2039,,,,,,,,,
AMAVASYA,14 Jan 2040,※,※,※,※,,※,※,,
PURNIMA,29 Jan 2040,,28 Jan 2040,,,,28 Jan 2040,,,
AMAVASYA,12 Feb 2040,,,,,,,,,
PURNIMA,27 Feb 2040,,,,,,,,,
AMAVASYA,13 Mar 2040,12 Mar 2040,12 Mar 2040,※,※,,12 Mar 2040,12 Mar 2040,,
PURNIMA,28 Mar 2040,,,,,,,,,
AMAVASYA,11 Apr 2040,,,,,,,,,
PURNIMA,27 Apr 2040,,,,,,※,※,,
AMAVASYA,11 May 2040,,,,,,,,,
PURNIMA,26 May 2040,,,,,,,,,
AMAVASYA,09 Jun 2040,,,,,,,,,
PURNIMA,24 Jun 2040,,,,,※,,,,
AMAVASYA,09 Jul 2040,,,,,,,,,
PURNIMA,24 Jul 2040,,,,,,※,※,,
AMAVASYA,07 Aug 2040,,,,,,,,,
PURNIMA,22 Aug 2040,,,,,,,,,
AMAVASYA,06 Sep 2040,,,,,,,,,
PURNIMA,20 Sep 2040,,,,,,,,,
AMAVASYA,06 Oct 2040,,,,,,,,,
PURNIMA,20 Oct 2040,,※,,,,,,,
AMAVASYA,04 Nov 2040,,,,,,,,,
PURNIMA,18 Nov 2040,,,,,,,,,
AMAVASYA,04 Dec 2040,,,,,,,,,
PURNIMA,18 Dec 2040,,,,,,,,,
AMAVASYA,02 Jan 2041,,,,,,,,,
PURNIMA,17 Jan 2041,16 Jan 2041,16 Jan 2041,,,,16 Jan 2041,16 Jan 2041,,
AMAVASYA,01 Feb 2041,,※,,,,※,,,
PURNIMA,15 Feb 2041,,,,,,,,,
AMAVASYA,02 Mar 2041,,,,,,,,,
PURNIMA,17 Mar 2041,,,,,,,,,
AMAVASYA,01 Apr 2041,※,※,,※,,※,※,,
PURNIMA,16 Apr 2041,,,,,,,,,
AMAVASYA,30 Apr 2041,,,,,,,,,
PURNIMA,16 May 2041,※,※,,15 May 2041,,15 May 2041,15 May 2041,,
AMAVASYA,29 May 2041,,,※,,30 May 2041,,,※,※
PURNIMA,14 Jun 2041,,,,,,,,,
AMAVASYA,28 Jun 2041,,,,,,,,,
PURNIMA,13 Jul 2041,,,,,※,,,,
AMAVASYA,27 Jul 2041,,,,,28 Jul 2041,,,,
PURNIMA,12 Aug 2041,,※,,※,,※,※,,
AMAVASYA,26 Aug 2041,,,,,,,,,
PURNIMA,10 Sep 2041,,,,,,,,,
AMAVASYA,25 Sep 2041,,,,,,,,,
PURNIMA,09 Oct 2041,,,,,,,,,
AMAVASYA,24 Oct 2041,,,,,,,,,
PURNIMA,08 Nov 2041,※,※,,,,※,※,,
AMAVASYA,23 Nov 2041,,,,,,,,,
PURNIMA,07 Dec 2041,,,,,,,,,
AMAVASYA,23 Dec 2041,,,,,,,,,
PURNIMA,06 Jan 2042,,,,,,,,,
AMAVASYA,21 Jan 2042,,,,,,,,,
PURNIMA,04 Feb 2042,,,,,,,,,
AMAVASYA,20 Feb 2042,,,,,,,,,
PURNIMA,06 Mar 2042,,,,,,,,,
AMAVASYA,21 Mar 2042,,,,,,,,,
PURNIMA,05 Apr 2042,,,,,,,,,
AMAVASYA,20 Apr 2042,,※,,※,,※,※,,
PURNIMA,05 May 2042,,,,,,,,,
AMAVASYA,19 May 2042,,,,,,,,,
PURNIMA,03 Jun 2042,,,,,,,,,
AMAVASYA,17 Jun 2042,,,,,,,,,
PURNIMA,03 Jul 2042,,,,,,,,,
AMAVASYA,17 Jul 2042,,,,,,,,,
PURNIMA,01 Aug 2042,,,,,,,,,
AMAVASYA,15 Aug 2042,,,,,,,,,
PURNIMA,31 Aug 2042,※,※,,※,,※,※,,
AMAVASYA,14 Sep 2042,,,,,,,,,
PURNIMA,29 Sep 2042,,,,,,,,,
AMAVASYA,13 Oct 2042,,,,,,,,,
PURNIMA,28 Oct 2042,,,,,,,,,
AMAVASYA,12 Nov 2042,,,,,,,,,
PURNIMA,27 Nov 2042,,※,,,,,,,
AMAVASYA,12 Dec 2042,,,,,,,,,
PURNIMA,26 Dec 2042,,,,,,,,,
AMAVASYA,11 Jan 2043,,10 Jan 2043,,,,,,,
PURNIMA,25 Jan 2043,,,,,,,,,
AMAVASYA,09 Feb 2043,,,,,,,,,
PURNIMA,23 Feb 2043,,,,,,,,,
AMAVASYA,11 Mar 2043,,,,,,,,,
PURNIMA,25 Mar 2043,,,,,,,,,
AMAVASYA,09 Apr 2043,,,,,,,,,
PURNIMA,24 Apr 2043,,,,,,,,,
AMAVASYA,09 May 2043,,,,,,,,,
PURNIMA,23 May 2043,,,,,,,,,
AMAVASYA,07 Jun 2043,,,,,,,,,
PURNIMA,22 Jun 2043,,,,,,,,,
AMAVASYA,06 Jul 2043,,,,,,,,,
PURNIMA,22 Jul 2043,,,,,,,,,
AMAVASYA,05 Aug 2043,,,,,,※,※,,
PURNIMA,20 Aug 2043,,,,,,,,,
AMAVASYA,03 Sep 2043,,,,,,,,,
PURNIMA,19 Sep 2043,※,※,,※,,18 Sep 2043,※,,
AMAVASYA,03 Oct 2043,02 Oct 2043,02 Oct 2043,,02 Oct 2043,,02 Oct 2043,02 Oct 2043,,
PURNIMA,18 Oct 2043,,,,,,,,,
AMAVASYA,01 Nov 2043,,,,,,,,,
PURNIMA ※,16 Nov 2043,,,,,,,,,
AMAVASYA,01 Dec 2043,,,,,,,,,
PURNIMA,16 Dec 2043,,,,,,,,,
AMAVASYA,31 Dec 2043,,,,,,,,,
PURNIMA,14 Jan 2044,,,,,,,,,
AMAVASYA,30 Jan 2044,29 Jan 2044,29 Jan 2044,29 Jan 2044,29 Jan 2044,,29 Jan 2044,29 Jan 2044,29 Jan 2044,
PURNIMA,13 Feb 2044,,,,,,,,,
AMAVASYA,28 Feb 2044,,,,,,,,,
PURNIMA,13 Mar 2044,,,,,,,,,
AMAVASYA,29 Mar 2044,,,,,,,,,
PURNIMA,12 Apr 2044,,,,,,,,,
AMAVASYA,27 Apr 2044,,,,,,,,,
PURNIMA,11 May 2044,,,,,12 May 2044,,,,
AMAVASYA,27 May 2044,,,,,,,,,
PURNIMA,10 Jun 2044,,,,,,,,,
AMAVASYA,25 Jun 2044,,,,,,,,,
PURNIMA,10 Jul 2044,,,,,,,,,
AMAVASYA,24 Jul 2044,,,,,,,,,
PURNIMA,08 Aug 2044,,,,,,,,,
AMAVASYA,23 Aug 2044,※,※,,※,,※,※,,
PURNIMA,07 Sep 2044,,,,,,,,,
AMAVASYA,21 Sep 2044,,,,,,,,,
PURNIMA ※,06 Oct 2044,,,,,※,,,,※
AMAVASYA,20 Oct 2044,,,,,,,,,
PURNIMA,05 Nov 2044,,,,,,,,,
AMAVASYA,19 Nov 2044,,,,,,,,,
PURNIMA ※,04 Dec 2044,,,,,※,,,,※
AMAVASYA,19 Dec 2044,,18 Dec 2044,,,,,,,
PURNIMA,03 Jan 2045,,,,,,,,,
AMAVASYA,18 Jan 2045,17 Jan 2045,17 Jan 2045,17 Jan 2045,17 Jan 2045,17 Jan 2045,17 Jan 2045,17 Jan 2045,17 Jan 2045,17 Jan 2045
PURNIMA,01 Feb 2045,,,,,,,,,
AMAVASYA,16 Feb 2045,,,,,,,,,
PURNIMA,03 Mar 2045,,,,,,,,,
AMAVASYA,18 Mar 2045,,,,,,,,,
PURNIMA,01 Apr 2045,,,,,,,,,
AMAVASYA,17 Apr 2045,,,,,,,,,
PURNIMA,01 May 2045,,,,,,,,,
AMAVASYA,16 May 2045,,,,,,,,,
PURNIMA,30 May 2045,,,,,,,,,
AMAVASYA,15 Jun 2045,,,,,,,,,
PURNIMA,29 Jun 2045,,,,,,,,,
AMAVASYA,14 Jul 2045,,,,,,,,,
PURNIMA,28 Jul 2045,,,,,,,,,
AMAVASYA,12 Aug 2045,,,,,,,,,
PURNIMA,27 Aug 2045,,,,,,,,,
AMAVASYA,11 Sep 2045,※,※,,※,,※,※,,
PURNIMA,26 Sep 2045,,,,,,,,,
AMAVASYA,10 Oct 2045,,,,,,,,,
PURNIMA,25 Oct 2045,,,,,,,,,
AMAVASYA,08 Nov 2045,,,,,,,,,
PURNIMA,24 Nov 2045,,,,,,,,,
AMAVASYA,08 Dec 2045,,,,,,,,,
PURNIMA ※,23 Dec 2045,,,,,※,,,,※
AMAVASYA,07 Jan 2046,06 Jan 2046,06 Jan 2046,06 Jan 2046,06 Jan 2046,,06 Jan 2046,06 Jan 2046,06 Jan 2046,
PURNIMA,22 Jan 2046,,,,,,,,,
AMAVASYA,05 Feb 2046,,,,,,,,,
PURNIMA ※,20 Feb 2046,,,※,,※,,,※,※
AMAVASYA,07 Mar 2046,,,,,,,,,
PURNIMA,22 Mar 2046,,,,,,,,,
AMAVASYA,06 Apr 2046,,,,,,,,,
PURNIMA,20 Apr 2046,,,,,,,,,
AMAVASYA,06 May 2046,,,,05 May 2046,,05 May 2046,05 May 2046,,
PURNIMA,20 May 2046,,,,,,,,,
AMAVASYA,04 Jun 2046,,,,,,,,,
PURNIMA,18 Jun 2046,,,,,,,,,
AMAVASYA,04 Jul 2046,,,,※,,※,※,,
PURNIMA,17 Jul 2046,,,18 Jul 2046,,18 Jul 2046,,,18 Jul 2046,18 Jul 2046
AMAVASYA,02 Aug 2046,,,,,,,,,
PURNIMA,16 Aug 2046,,,,,,,,,
AMAVASYA,31 Aug 2046,,,,,,,,,
PURNIMA,15 Sep 2046,,,,,,,,,
AMAVASYA,30 Sep 2046,※,※,,※,,※,※,,
PURNIMA,14 Oct 2046,,,,,,,,,
AMAVASYA,29 Oct 2046,,,,,,,,,
PURNIMA,13 Nov 2046,,,,,,,,,
AMAVASYA,27 Nov 2046,,,,,,,,,
PURNIMA,13 Dec 2046,,,,,,,,,
AMAVASYA,27 Dec 2046,,,,,,,,,
PURNIMA,12 Jan 2047,11 Jan 2047,11 Jan 2047,11 Jan 2047,11 Jan 2047,11 Jan 2047,11 Jan 2047,11 Jan 2047,11 Jan 2047,11 Jan 2047
AMAVASYA,26 Jan 2047,25 Jan 2047,25 Jan 2047,25 Jan 2047,25 Jan 2047,25 Jan 2047,25 Jan 2047,25 Jan 2047,25 Jan 2047,25 Jan 2047
PURNIMA,10 Feb 2047,,,,,,,,,
AMAVASYA,24 Feb 2047,,,,,,,,,
PURNIMA,12 Mar 2047,※,※,※,※,,※,※,,
AMAVASYA,26 Mar 2047,,,,,,,,,
PURNIMA,10 Apr 2047,,,,,,,,,
AMAVASYA,25 Apr 2047,,24 Apr 2047,,24 Apr 2047,,24 Apr 2047,24 Apr 2047,,
PURNIMA,09 May 2047,,,,,,,,,
AMAVASYA,24 May 2047,,,,,,,,,
PURNIMA,08 Jun 2047,,,,,,,,,
AMAVASYA,23 Jun 2047,,,,,,,,,
PURNIMA,07 Jul 2047,,,,,,,,,
AMAVASYA,22 Jul 2047,,,,,23 Jul 2047,,,,
PURNIMA,05 Aug 2047,,,,,,,,,
AMAVASYA,21 Aug 2047,,,,,,,,,
PURNIMA,04 Sep 2047,,,,,,,,,
AMAVASYA,19 Sep 2047,,,,,,,,,
PURNIMA,03 Oct 2047,,,,,,,,,
AMAVASYA,19 Oct 2047,※,※,,※,,※,※,,
PURNIMA,02 Nov 2047,,,,,,,,,
AMAVASYA,17 Nov 2047,,,,,,,,,
PURNIMA,02 Dec 2047,,,,,,,,,
AMAVASYA ※,16 Dec 2047,,,,,※,,,,※
PURNIMA,01 Jan 2048,31 Dec 2047,31 Dec 2047,,,,31 Dec 2047,31 Dec 2047,,
AMAVASYA,15 Jan 2048,,,,,,,,,
PURNIMA,30 Jan 2048,,,,,,,,,
AMAVASYA ※,13 Feb 2048,,,,,※,,,,※
PURNIMA,29 Feb 2048,,,,,,,,,
AMAVASYA,14 Mar 2048,,,,,,,,,
PURNIMA,30 Mar 2048,※,※,,※,,※,※,,
AMAVASYA,13 Apr 2048,,,,,,,,,
PURNIMA,28 Apr 2048,,,,,,,,,
AMAVASYA,12 May 2048,,,,,,,,,
PURNIMA,27 May 2048,,,,,※,,,,
AMAVASYA,11 Jun 2048,,,,,,,,,
PURNIMA,26 Jun 2048,,,,,,,,,
AMAVASYA,11 Jul 2048,,,,,,,10 Jul 2048,,
PURNIMA,25 Jul 2048,,,,,,,,,
AMAVASYA,09 Aug 2048,,,,,,,,,
PURNIMA,23 Aug 2048,,,,,,,,,
AMAVASYA,08 Sep 2048,,,,,,,,,
PURNIMA,22 Sep 2048,,,,,,,,,
AMAVASYA,07 Oct 2048,,,,,,,,,
PURNIMA,21 Oct 2048,,,,,,,,,
AMAVASYA,06 Nov 2048,※,※,,,,※,※,,
PURNIMA,20 Nov 2048,,,,,,,,,
AMAVASYA,05 Dec 2048,,,,,,,,,
PURNIMA,20 Dec 2048,19 Dec 2048,19 Dec 2048,19 Dec 2048,19 Dec 2048,,19 Dec 2048,19 Dec 2048,,
AMAVASYA,04 Jan 2049,※,03 Jan 2049,※,※,※,03 Jan 2049,※,※,
PURNIMA,18 Jan 2049,,,,,,,,,
AMAVASYA,02 Feb 2049,,,,,,,,,
PURNIMA,17 Feb 2049,,,,,,,,,
AMAVASYA ※,03 Mar 2049,,,※,,※,,,※,※
PURNIMA,19 Mar 2049,,,,,,,,,
AMAVASYA,02 Apr 2049,,,,,,,,,
PURNIMA,18 Apr 2049,17 Apr 2049,17 Apr 2049,,17 Apr 2049,,17 Apr 2049,17 Apr 2049,,
AMAVASYA,01 May 2049,,,02 May 2049,,02 May 2049,,,02 May 2049,02 May 2049
PURNIMA,17 May 2049,,,,,,,,,
AMAVASYA,31 May 2049,,,,,,,,,
PURNIMA,15 Jun 2049,,,,,※,,,,
AMAVASYA,30 Jun 2049,,,,,,,,,
PURNIMA,15 Jul 2049,,,,,,,,,
AMAVASYA,29 Jul 2049,,,,,,,,,
PURNIMA,13 Aug 2049,,,,,,,,,
AMAVASYA,28 Aug 2049,,,,,,,,,
PURNIMA,11 Sep 2049,,,,,,,,,
AMAVASYA,27 Sep 2049,26 Sep 2049,26 Sep 2049,26 Sep 2049,26 Sep 2049,,26 Sep 2049,26 Sep 2049,26 Sep 2049,
PURNIMA,11 Oct 2049,※,※,,※,,※,※,,
AMAVASYA,26 Oct 2049,,,,,,,,,
PURNIMA,09 Nov 2049,,,,,,,,,
AMAVASYA,25 Nov 2049,,※,,,,※,,,
PURNIMA,09 Dec 2049,,08 Dec 2049,,,,,,,
AMAVASYA,24 Dec 2049,,,,,,,,,
PURNIMA,07 Jan 2050,,,,,,,,,
AMAVASYA,23 Jan 2050,※,※,,,,※,※,,
PURNIMA,06 Feb 2050,,,,,,,,,
AMAVASYA,21 Feb 2050,,,,,,,,,
PURNIMA,08 Mar 2050,,,,,,,,,
AMAVASYA ※,22 Mar 2050,※,※,※,※,23 Mar 2050,※,※,※,※
PURNIMA,07 Apr 2050,,,,,,,,,
AMAVASYA,21 Apr 2050,,,,,,,,,
PURNIMA,06 May 2050,,,,,,,,,
AMAVASYA,20 May 2050,,,,,,,,,
PURNIMA,05 Jun 2050,,,,,,,,,
AMAVASYA,19 Jun 2050,,,,,,,,,
PURNIMA,04 Jul 2050,,,,,,,,,
AMAVASYA,18 Jul 2050,,,,,,,,,
PURNIMA,03 Aug 2050,,,,,,※,※,,
AMAVASYA,17 Aug 2050,,,,,,,,,
PURNIMA,01 Sep 2050,,,,,,,,,
AMAVASYA,16 Sep 2050,15 Sep 2050,15 Sep 2050,15 Sep 2050,15 Sep 2050,,15 Sep 2050,15 Sep 2050,,
PURNIMA,30 Sep 2050,,,,,,,,,
AMAVASYA,15 Oct 2050,,,,,,,,,
PURNIMA,30 Oct 2050,※,※,,※,,※,※,,
AMAVASYA,14 Nov 2050,,,,,,,,,
PURNIMA,28 Nov 2050,,,,,,,,,
AMAVASYA,14 Dec 2050,13 Dec 2050,13 Dec 2050,,,,13 Dec 2050,13 Dec 2050,,
PURNIMA,28 Dec 2050,27 Dec 2050,27 Dec 2050,,,,27 Dec 2050,27 Dec 2050,,
AMAVASYA,12 Jan 2051,,,,,,,,,
PURNIMA,26 Jan 2051,,,,,,,,,
AMAVASYA,11 Feb 2051,,,,,,,,,
PURNIMA,25 Feb 2051,,,,,,,,,
AMAVASYA,12 Mar 2051,,,,,,,,,
PURNIMA,27 Mar 2051,,,,,,,,,
AMAVASYA,11 Apr 2051,※,※,,※,,※,※,,
PURNIMA,25 Apr 2051,,,,,26 Apr 2051,,,,
AMAVASYA,10 May 2051,,,,,,,,,
PURNIMA,25 May 2051,,,,,,,,,
AMAVASYA,08 Jun 2051,,,,,,,,,
PURNIMA,24 Jun 2051,,,,,,,,,
AMAVASYA,08 Jul 2051,,,,,,,,,
PURNIMA,23 Jul 2051,,,,,,,,,
AMAVASYA,06 Aug 2051,,,,,,,,,
PURNIMA,22 Aug 2051,※,※,,※,,※,※,,
AMAVASYA,05 Sep 2051,,,,,,04 Sep 2051,04 Sep 2051,,
PURNIMA,20 Sep 2051,,,,,,,,,
AMAVASYA,04 Oct 2051,,,,,,,,,
PURNIMA,19 Oct 2051,,,,,,,,,
AMAVASYA,03 Nov 2051,,,,,,,,,
PURNIMA,18 Nov 2051,※,※,,,,※,※,,
AMAVASYA,03 Dec 2051,,,,,,,,,
PURNIMA,17 Dec 2051,,,,,,,,,
AMAVASYA,02 Jan 2052,01 Jan 2052,01 Jan 2052,01 Jan 2052,01 Jan 2052,01 Jan 2052,01 Jan 2052,01 Jan 2052,01 Jan 2052,01 Jan 2052
PURNIMA,16 Jan 2052,※,15 Jan 2052,,※,,※,※,,
AMAVASYA,31 Jan 2052,,,,,,,,,
PURNIMA,14 Feb 2052,,,,,,,,,
AMAVASYA,01 Mar 2052,,,,,,,,,
PURNIMA,15 Mar 2052,,,,,,,,,
AMAVASYA,30 Mar 2052,,,,,,,,,
PURNIMA,13 Apr 2052,,,,,14 Apr 2052,,,14 Apr 2052,14 Apr 2052
AMAVASYA,29 Apr 2052,,,,,,,,,
PURNIMA,13 May 2052,,,,,,,,,
AMAVASYA,28 May 2052,,,,,,,,,
PURNIMA,12 Jun 2052,,,,,,,,,
AMAVASYA,26 Jun 2052,,,,,,,,,
PURNIMA,11 Jul 2052,,,,,12 Jul 2052,,,,
AMAVASYA,26 Jul 2052,,,,※,,※,※,,
PURNIMA,10 Aug 2052,,,,,,,,,
AMAVASYA,24 Aug 2052,,,,,,,,,
PURNIMA ※,08 Sep 2052,,,※,,09 Sep 2052,,,※,※
AMAVASYA,22 Sep 2052,,,,,,,,,
PURNIMA,08 Oct 2052,,,,,,,,,
AMAVASYA,22 Oct 2052,,,,,,,,,
PURNIMA,06 Nov 2052,,,,,,,,,
AMAVASYA,21 Nov 2052,,,,,,,,,
PURNIMA,06 Dec 2052,,,,,,,,,
AMAVASYA,21 Dec 2052,20 Dec 2052,20 Dec 2052,20 Dec 2052,20 Dec 2052,20 Dec 2052,20 Dec 2052,20 Dec 2052,20 Dec 2052,20 Dec 2052
PURNIMA,04 Jan 2053,,,,,,,,,
AMAVASYA,19 Jan 2053,,,,,,,,,
PURNIMA,03 Feb 2053,※,※,,,,※,※,,
AMAVASYA,18 Feb 2053,,,,,,,,,
PURNIMA,04 Mar 2053,,,,,,,,,
AMAVASYA,20 Mar 2053,,,,,,,,,
PURNIMA,03 Apr 2053,,,,,,,,,
AMAVASYA,18 Apr 2053,,,,,,,,,
PURNIMA,02 May 2053,,,,,,,,,
AMAVASYA,18 May 2053,,,,,,,,,
PURNIMA,01 Jun 2053,,,,,,,,,
AMAVASYA,16 Jun 2053,,,,,,,,,
PURNIMA,30 Jun 2053,,,01 Jul 2053,,01 Jul 2053,,,01 Jul 2053,01 Jul 2053
AMAVASYA,15 Jul 2053,,,,,,,,,
PURNIMA,30 Jul 2053,,,,,,,,,
AMAVASYA ※,13 Aug 2053,※,※,14 Aug 2053,※,14 Aug 2053,※,※,14 Aug 2053,14 Aug 2053
PURNIMA,29 Aug 2053,,,,,,,,,
AMAVASYA,12 Sep 2053,,,,,,,,,
PURNIMA,27 Sep 2053,,,,,,,,,
AMAVASYA,11 Oct 2053,,,,,,,,,
PURNIMA,27 Oct 2053,,,,,,,,,
AMAVASYA,10 Nov 2053,,,,,,,,,
PURNIMA ※,25 Nov 2053,,,,,,,,,
AMAVASYA,10 Dec 2053,09 Dec 2053,09 Dec 2053,09 Dec 2053,09 Dec 2053,09 Dec 2053,09 Dec 2053,09 Dec 2053,09 Dec 2053,09 Dec 2053
PURNIMA,25 Dec 2053,,,,,,,,,
AMAVASYA,08 Jan 2054,,,,,,,,,
PURNIMA,23 Jan 2054,,,,,,,,,
AMAVASYA,07 Feb 2054,,,,,,,,,
PURNIMA,22 Feb 2054,,,,,,,,,
AMAVASYA,09 Mar 2054,,,,,,,,,
PURNIMA,23 Mar 2054,,,,,,,,,
AMAVASYA,08 Apr 2054,,,,,,,,,
PURNIMA,22 Apr 2054,,,,,,,,,
AMAVASYA,07 May 2054,,,,,,,,,
PURNIMA,21 May 2054,,,,,,,,,
AMAVASYA,06 Jun 2054,,,,,,,,,
PURNIMA,20 Jun 2054,,,,,,,,,
AMAVASYA,05 Jul 2054,,,,,,,,,
PURNIMA,19 Jul 2054,,,,,,,,,
AMAVASYA,03 Aug 2054,,,,,,,,,
PURNIMA,18 Aug 2054,,,,,,,,,
AMAVASYA,02 Sep 2054,※,※,,※,,※,※,,
PURNIMA,16 Sep 2054,,,,,,,,,
AMAVASYA,01 Oct 2054,,,,,,,,,
PURNIMA,16 Oct 2054,,,,,,,,,
AMAVASYA,30 Oct 2054,,,,,,,,,
PURNIMA,15 Nov 2054,,,,,,,,,
AMAVASYA,29 Nov 2054,,,,,,,,,
PURNIMA,14 Dec 2054,,,,,,,,,
AMAVASYA,28 Dec 2054,,,,,,,,,
PURNIMA,13 Jan 2055,,,,,,,,,
AMAVASYA,27 Jan 2055,,,,,,,,,
PURNIMA ※,11 Feb 2055,,,,,※,,,,※
AMAVASYA,26 Feb 2055,,,,,,,,,
PURNIMA,13 Mar 2055,,,,,,,,,
AMAVASYA,28 Mar 2055,,,,,,,,,
PURNIMA,11 Apr 2055,,,,,,,,,
AMAVASYA,26 Apr 2055,,,,,,,,,
PURNIMA,11 May 2055,,,,,,,,,
AMAVASYA,26 May 2055,,,,,,,,,
PURNIMA,09 Jun 2055,,,,,,,,,
AMAVASYA ※,24 Jun 2055,※,※,25 Jun 2055,,25 Jun 2055,,,25 Jun 2055,25 Jun 2055
PURNIMA,08 Jul 2055,,,,,09 Jul 2055,,,,
AMAVASYA,24 Jul 2055,,,,,,,,,
PURNIMA,07 Aug 2055,,,,,,,,,
AMAVASYA,22 Aug 2055,,,,,,,,,
PURNIMA,05 Sep 2055,,,,,06 Sep 2055,,,,
AMAVASYA,21 Sep 2055,※,※,,※,,※,※,,
PURNIMA,05 Oct 2055,,,,,,,,,
AMAVASYA,20 Oct 2055,,,,,,,,,
PURNIMA,04 Nov 2055,,,,,,,,,
AMAVASYA,18 Nov 2055,,,,,,,,,
PURNIMA,04 Dec 2055,03 Dec 2055,03 Dec 2055,,03 Dec 2055,,03 Dec 2055,03 Dec 2055,,
AMAVASYA,18 Dec 2055,,,,,,,,,
PURNIMA,02 Jan 2056,,,,,,,,,
AMAVASYA,16 Jan 2056,,,,,,,,,
PURNIMA,01 Feb 2056,,,,,,,,,
AMAVASYA,15 Feb 2056,,,,,,,,,
PURNIMA ※,01 Mar 2056,,,※,,※,,,※,※
AMAVASYA,16 Mar 2056,,,,,,,,,
PURNIMA,31 Mar 2056,,,,,,,,,
AMAVASYA,14 Apr 2056,,,,,,,,,
PURNIMA,29 Apr 2056,,,,,,,,,
AMAVASYA,14 May 2056,,,,,,,,,
PURNIMA,29 May 2056,,,,,,,,,
AMAVASYA,13 Jun 2056,,,,,,,,,
PURNIMA,27 Jun 2056,,,,,,,,,
AMAVASYA,12 Jul 2056,,,,,,,,,
PURNIMA,26 Jul 2056,,,,,,,,,
AMAVASYA,11 Aug 2056,,,,,,,,,
PURNIMA,25 Aug 2056,,,,,,,,,
AMAVASYA,09 Sep 2056,,,,,,,,,
PURNIMA,23 Sep 2056,,,,,,,,,
AMAVASYA,09 Oct 2056,※,※,,※,,※,※,,
PURNIMA,23 Oct 2056,,,,,,,,,
AMAVASYA,07 Nov 2056,,,,,,,,,
PURNIMA,22 Nov 2056,21 Nov 2056,21 Nov 2056,21 Nov 2056,21 Nov 2056,,21 Nov 2056,21 Nov 2056,,
AMAVASYA ※,06 Dec 2056,,,,,,,,,※
PURNIMA,21 Dec 2056,,,,,,,,,
AMAVASYA,05 Jan 2057,,,,,,,,,
PURNIMA,20 Jan 2057,,,,,,,,,
AMAVASYA,03 Feb 2057,,,,,,,,,
PURNIMA,19 Feb 2057,,,,,,,,,
AMAVASYA,05 Mar 2057,,,,,,,,,
PURNIMA ※,20 Mar 2057,,,※,,21 Mar 2057,,,※,※
AMAVASYA,04 Apr 2057,03 Apr 2057,03 Apr 2057,03 Apr 2057,03 Apr 2057,,03 Apr 2057,03 Apr 2057,,
PURNIMA,19 Apr 2057,,,,,,,,,
AMAVASYA,03 May 2057,,,,,,,,,
PURNIMA,18 May 2057,,,,,※,,,,
AMAVASYA,02 Jun 2057,,,,,,,,,
PURNIMA,17 Jun 2057,,,,,,,,,
AMAVASYA,01 Jul 2057,,,,,,,,,
PURNIMA,16 Jul 2057,,,,,,,,,
AMAVASYA,31 Jul 2057,,,,,,,,,
PURNIMA,14 Aug 2057,,,,,,,,,
AMAVASYA,30 Aug 2057,,,,,,,,,
PURNIMA,13 Sep 2057,※,※,,※,,※,※,,
AMAVASYA,28 Sep 2057,,,,,,,,,
PURNIMA,12 Oct 2057,,,,,,,,,
AMAVASYA,28 Oct 2057,※,※,,※,,※,※,,
PURNIMA,11 Nov 2057,,10 Nov 2057,,,,10 Nov 2057,,,
AMAVASYA,26 Nov 2057,,,,,,,,,
PURNIMA,10 Dec 2057,,,,,,,,,
AMAVASYA,26 Dec 2057,25 Dec 2057,25 Dec 2057,※,※,※,25 Dec 2057,25 Dec 2057,※,※
PURNIMA,09 Jan 2058,,,,,,,,,
AMAVASYA,24 Jan 2058,,,,,,,,,
PURNIMA,08 Feb 2058,,,,,,,,,
AMAVASYA ※,22 Feb 2058,,,,,※,,,,※
PURNIMA,10 Mar 2058,,,,,,,,,
AMAVASYA,24 Mar 2058,,,,,,,,,
PURNIMA,08 Apr 2058,,,,,,,,,
AMAVASYA,22 Apr 2058,,,,,,,,,
PURNIMA,08 May 2058,,,,,,,,,
AMAVASYA,22 May 2058,,,,,,,,,
PURNIMA,06 Jun 2058,,,,,※,,,,
AMAVASYA,20 Jun 2058,,,,,21 Jun 2058,,,,
PURNIMA,06 Jul 2058,,,,,,,,,
AMAVASYA,20 Jul 2058,,,,,,,,,
PURNIMA,04 Aug 2058,,,,,,,,,
AMAVASYA,19 Aug 2058,,,,,,,,,
PURNIMA,02 Sep 2058,,,,,,,,,
AMAVASYA,17 Sep 2058,,,,,,,,,
PURNIMA,02 Oct 2058,※,※,※,※,,※,※,,
AMAVASYA,17 Oct 2058,,,,,,,,,
PURNIMA,31 Oct 2058,,,,,,,,,
AMAVASYA,16 Nov 2058,15 Nov 2058,15 Nov 2058,※,15 Nov 2058,,15 Nov 2058,15 Nov 2058,,
PURNIMA,30 Nov 2058,29 Nov 2058,29 Nov 2058,29 Nov 2058,29 Nov 2058,,29 Nov 2058,29 Nov 2058,,
AMAVASYA,15 Dec 2058,,,,,,,,,
PURNIMA,29 Dec 2058,,,,,,,,,
AMAVASYA,14 Jan 2059,※,※,※,※,,※,※,,
PURNIMA,28 Jan 2059,,,,,,,,,
AMAVASYA,12 Feb 2059,,,,,,,,,
PURNIMA,27 Feb 2059,,,,,,,,,
AMAVASYA ※,13 Mar 2059,※,,※,※,※,,,※,※
PURNIMA,29 Mar 2059,28 Mar 2059,28 Mar 2059,,28 Mar 2059,,28 Mar 2059,28 Mar 2059,,
AMAVASYA,12 Apr 2059,,,,,,,,,
PURNIMA,27 Apr 2059,,,,,,,,,
AMAVASYA,11 May 2059,,,,,,,,,
PURNIMA,27 May 2059,,,,,,,,,
AMAVASYA,10 Jun 2059,,,,,,,,,
PURNIMA,25 Jun 2059,,,,,,,,,
AMAVASYA,09 Jul 2059,,,,,,,,,
PURNIMA,25 Jul 2059,,,,,,,,,
AMAVASYA,08 Aug 2059,,,,,,,,,
PURNIMA,23 Aug 2059,,,,,,,,,
AMAVASYA,06 Sep 2059,,,,,,,,,
PURNIMA,21 Sep 2059,,,,,,,,,
AMAVASYA,06 Oct 2059,,,,,,,,,
PURNIMA,21 Oct 2059,※,※,※,※,,※,※,,
AMAVASYA,05 Nov 2059,,,,,,,,,
PURNIMA,19 Nov 2059,,,,,,,,,
AMAVASYA,05 Dec 2059,04 Dec 2059,04 Dec 2059,04 Dec 2059,04 Dec 2059,04 Dec 2059,04 Dec 2059,04 Dec 2059,04 Dec 2059,04 Dec 2059
PURNIMA,19 Dec 2059,18 Dec 2059,18 Dec 2059,18 Dec 2059,18 Dec 2059,※,18 Dec 2059,18 Dec 2059,※,※
AMAVASYA,03 Jan 2060,,,,,,,,,
PURNIMA,17 Jan 2060,,,,,,,,,
AMAVASYA,02 Feb 2060,,※,,,,※,※,,
PURNIMA,16 Feb 2060,,,,,,,,,
AMAVASYA,02 Mar 2060,,,,,,,,,
PURNIMA,17 Mar 2060,16 Mar 2060,16 Mar 2060,16 Mar 2060,16 Mar 2060,,16 Mar 2060,16 Mar 2060,16 Mar 2060,
AMAVASYA,01 Apr 2060,※,※,,※,,※,※,,
PURNIMA,15 Apr 2060,,,,,,,,,
AMAVASYA,30 Apr 2060,,,,,,,,,
PURNIMA,15 May 2060,,,,,,,,,
AMAVASYA,29 May 2060,,,,,,,,,
PURNIMA,14 Jun 2060,,,,,,,,,
AMAVASYA,28 Jun 2060,,,,,,,,,
PURNIMA,13 Jul 2060,,,,,,,,,
AMAVASYA,27 Jul 2060,,,,,,,,,
PURNIMA,12 Aug 2060,※,※,,※,,※,※,,
AMAVASYA,25 Aug 2060,,,,,26 Aug 2060,,,26 Aug 2060,26 Aug 2060
PURNIMA,10 Sep 2060,,,,,,,,,
AMAVASYA,24 Sep 2060,,,,,,,,,
PURNIMA,09 Oct 2060,,,,,,,,,
AMAVASYA,24 Oct 2060,,,,,,,,,
PURNIMA,08 Nov 2060,※,※,,,,※,※,,
AMAVASYA,23 Nov 2060,22 Nov 2060,22 Nov 2060,22 Nov 2060,22 Nov 2060,22 Nov 2060,22 Nov 2060,22 Nov 2060,22 Nov 2060,22 Nov 2060
PURNIMA,07 Dec 2060,,,,,,,,,
AMAVASYA,22 Dec 2060,,,,,,,,,
PURNIMA,06 Jan 2061,05 Jan 2061,05 Jan 2061,※,※,※,05 Jan 2061,05 Jan 2061,※,
AMAVASYA,21 Jan 2061,,,,,,,,,
PURNIMA,04 Feb 2061,,,,,,,,,
AMAVASYA,20 Feb 2061,,,,,,,,,
PURNIMA,06 Mar 2061,,,,,,,,,
AMAVASYA,21 Mar 2061,,,,,,,,,
PURNIMA,04 Apr 2061,,,,,,,,,
AMAVASYA,20 Apr 2061,,,,,,,,,
PURNIMA,04 May 2061,,,,,,,,,
AMAVASYA,19 May 2061,,,,,,,,,
PURNIMA,03 Jun 2061,,,,,,,,,
AMAVASYA,17 Jun 2061,,,,,※,,,,
PURNIMA,02 Jul 2061,,,,,,,,,
AMAVASYA,17 Jul 2061,,,,※,,※,※,,
PURNIMA,01 Aug 2061,,,,,,,,,
AMAVASYA,15 Aug 2061,,,,,,,,,
PURNIMA,30 Aug 2061,,,,,,,,,
AMAVASYA,13 Sep 2061,,,,,,,,,
PURNIMA,29 Sep 2061,,,,,,,,,
AMAVASYA,13 Oct 2061,,,,,,,,,
PURNIMA,28 Oct 2061,,,,,,,,,
AMAVASYA,12 Nov 2061,11 Nov 2061,11 Nov 2061,11 Nov 2061,11 Nov 2061,11 Nov 2061,11 Nov 2061,11 Nov 2061,11 Nov 2061,11 Nov 2061
PURNIMA,27 Nov 2061,,,,,,,,,
AMAVASYA,11 Dec 2061,,,,,,,,,
PURNIMA,26 Dec 2061,,,,,,,,,
AMAVASYA,10 Jan 2062,,,,,,,,,
PURNIMA,25 Jan 2062,※,※,※,※,,※,※,,
AMAVASYA,09 Feb 2062,,,,,,,,,
PURNIMA,23 Feb 2062,,,,,,,,,
AMAVASYA,11 Mar 2062,,10 Mar 2062,,,,10 Mar 2062,10 Mar 2062,,
PURNIMA,25 Mar 2062,,※,,,,※,※,,
AMAVASYA,09 Apr 2062,,,,,,,,,
PURNIMA,23 Apr 2062,,,,,,,,,
AMAVASYA,09 May 2062,,,,,,,,,
PURNIMA,23 May 2062,,,,,,,,,
AMAVASYA,07 Jun 2062,,,,,,,,,
PURNIMA,21 Jun 2062,,,,,,,,,
AMAVASYA,06 Jul 2062,,,,,,,,,
PURNIMA,21 Jul 2062,,,,,,,,,
AMAVASYA,05 Aug 2062,※,※,,※,,※,※,,
PURNIMA,20 Aug 2062,19 Aug 2062,19 Aug 2062,,19 Aug 2062,,19 Aug 2062,19 Aug 2062,,
AMAVASYA,03 Sep 2062,,,,,,,,,
PURNIMA,18 Sep 2062,,,,,,,,,
AMAVASYA,02 Oct 2062,,,,,,,,,
PURNIMA,18 Oct 2062,,,,,,,,,
AMAVASYA,01 Nov 2062,,,,,,,,,
PURNIMA,16 Nov 2062,,,,,,,,,
AMAVASYA,30 Nov 2062,,,,,,,,,
PURNIMA,16 Dec 2062,,,,,,,,,
AMAVASYA,30 Dec 2062,,,,,,,,,
PURNIMA,14 Jan 2063,,,,,,,,,
AMAVASYA,29 Jan 2063,,,,,,,,,
PURNIMA,13 Feb 2063,,,,,,,,,
AMAVASYA,28 Feb 2063,,,,,,,,,
PURNIMA,14 Mar 2063,,,,,,,,,
AMAVASYA,29 Mar 2063,,,,,,,,,
PURNIMA,13 Apr 2063,,※,,※,,※,※,,
AMAVASYA,28 Apr 2063,,,,,,,,,
PURNIMA,12 May 2063,,,,,,,,,
AMAVASYA,28 May 2063,,,,,,※,※,,
PURNIMA,11 Jun 2063,10 Jun 2063,,,10 Jun 2063,,10 Jun 2063,10 Jun 2063,,
AMAVASYA,26 Jun 2063,,,,,,,,,
PURNIMA,10 Jul 2063,,,,,,,,,
AMAVASYA,25 Jul 2063,,,,,,,,,
PURNIMA,09 Aug 2063,,,,,,08 Aug 2063,08 Aug 2063,,
AMAVASYA,24 Aug 2063,※,※,,※,,※,※,,
PURNIMA,07 Sep 2063,,,,,,,,,
AMAVASYA,22 Sep 2063,,,,,,,,,
PURNIMA,07 Oct 2063,,,,,,,,,
AMAVASYA,21 Oct 2063,,,,,,,,,
PURNIMA,06 Nov 2063,05 Nov 2063,05 Nov 2063,,,,05 Nov 2063,05 Nov 2063,,
AMAVASYA,20 Nov 2063,,,,,,,,,
PURNIMA,05 Dec 2063,,,,,,,,,
AMAVASYA,19 Dec 2063,,,,,,,,,
PURNIMA,04 Jan 2064,,,,,,,,,
AMAVASYA,18 Jan 2064,,,,,,,,,
PURNIMA,02 Feb 2064,,,,,,,,,
AMAVASYA,17 Feb 2064,16 Feb 2064,16 Feb 2064,,,,16 Feb 2064,16 Feb 2064,,
PURNIMA,03 Mar 2064,,,,,,,,,
AMAVASYA,17 Mar 2064,,,,,,,,,
PURNIMA,01 Apr 2064,,,,,,,,,
AMAVASYA,16 Apr 2064,,,,,,,,,
PURNIMA,01 May 2064,,,,※,,※,※,,
AMAVASYA,16 May 2064,,,,,,,,,
PURNIMA,30 May 2064,,,,,,,,,
AMAVASYA,14 Jun 2064,,,,,15 Jun 2064,,,,
PURNIMA,28 Jun 2064,,,,,,,,,
AMAVASYA,14 Jul 2064,,,,,,,,,
PURNIMA,28 Jul 2064,,,,,,,,,
AMAVASYA,12 Aug 2064,,,,,,,,,
PURNIMA,26 Aug 2064,,,,,,,,,
AMAVASYA,11 Sep 2064,※,※,,※,,※,※,,
PURNIMA,25 Sep 2064,,,,,,,,,
AMAVASYA,10 Oct 2064,,,,,,,,,
PURNIMA,25 Oct 2064,,24 Oct 2064,,,,24 Oct 2064,,,
AMAVASYA,08 Nov 2064,,,,,,,,,
PURNIMA,23 Nov 2064,,,,,,,,,
AMAVASYA,08 Dec 2064,,※,,,,,,,
PURNIMA,23 Dec 2064,,,,,,,,,
AMAVASYA,06 Jan 2065,,,,,,,,,
PURNIMA,22 Jan 2065,,,,,,,,,
AMAVASYA,05 Feb 2065,,,,,,,,,
PURNIMA ※,20 Feb 2065,,,,,,,,,
AMAVASYA,06 Mar 2065,,,,,07 Mar 2065,,,,
PURNIMA,22 Mar 2065,,,,,,,,,
AMAVASYA,05 Apr 2065,,,,,,,,,
PURNIMA,20 Apr 2065,,,,,,,,,
AMAVASYA,05 May 2065,,,,,,,,,
PURNIMA,20 May 2065,,,,,,,,,
AMAVASYA,04 Jun 2065,,,,03 Jun 2065,,03 Jun 2065,03 Jun 2065,,
PURNIMA,18 Jun 2065,,,,,,,,,
AMAVASYA,03 Jul 2065,,,,,,,,,
PURNIMA,17 Jul 2065,,,,,,,,,
AMAVASYA,02 Aug 2065,,,,,,,,,
PURNIMA,16 Aug 2065,,,,,,,,,
AMAVASYA,31 Aug 2065,,,,,,,,,
PURNIMA,14 Sep 2065,,,,,,,,,
AMAVASYA,30 Sep 2065,※,※,,※,,※,※,,
PURNIMA,14 Oct 2065,,,,,,,,,
AMAVASYA,29 Oct 2065,,,,,,,,,
PURNIMA,12 Nov 2065,,,,,,,,,
AMAVASYA ※,27 Nov 2065,,,,,,,,,
PURNIMA,12 Dec 2065,,,,,,,,,
AMAVASYA,27 Dec 2065,,,,,,,,,
PURNIMA,11 Jan 2066,,,,,,,,,
AMAVASYA,25 Jan 2066,,,,,,,,,
PURNIMA,10 Feb 2066,,,,,,,,,
AMAVASYA,24 Feb 2066,,,,,,,,,
PURNIMA,11 Mar 2066,,,,,,,,,
AMAVASYA,25 Mar 2066,,,,,,,,,
PURNIMA,10 Apr 2066,,,,,,,,,
AMAVASYA,24 Apr 2066,,,,,,,,,
PURNIMA,09 May 2066,,,,,,,,,
AMAVASYA,24 May 2066,,,,23 May 2066,,23 May 2066,23 May 2066,,
PURNIMA,08 Jun 2066,,,,,,,,,
AMAVASYA,22 Jun 2066,,,,,,,,,
PURNIMA,07 Jul 2066,,,,,,,,,
AMAVASYA,22 Jul 2066,,,,,,,,,
PURNIMA,05 Aug 2066,,,,,,,,,
AMAVASYA,20 Aug 2066,,,,,21 Aug 2066,,,,
PURNIMA,04 Sep 2066,※,※,,※,,※,※,,
AMAVASYA,19 Sep 2066,,,,,,,,,
PURNIMA,03 Oct 2066,,,,,,,,,
AMAVASYA,19 Oct 2066,18 Oct 2066,18 Oct 2066,※,18 Oct 2066,,18 Oct 2066,18 Oct 2066,※,
PURNIMA,02 Nov 2066,01 Nov 2066,01 Nov 2066,01 Nov 2066,01 Nov 2066,,01 Nov 2066,01 Nov 2066,01 Nov 2066,
AMAVASYA,17 Nov 2066,,,,,,,,,
PURNIMA,01 Dec 2066,,,,,,,,,
AMAVASYA ※,16 Dec 2066,,,,,※,,,※,※
PURNIMA,31 Dec 2066,,,,,,,,,
AMAVASYA,15 Jan 2067,,,,,,,,,
PURNIMA,30 Jan 2067,,,,,,,,,
AMAVASYA ※,13 Feb 2067,,,,,,,,,
PURNIMA,01 Mar 2067,28 Feb 2067,28 Feb 2067,,28 Feb 2067,,28 Feb 2067,28 Feb 2067,,
AMAVASYA,15 Mar 2067,,,,,,,,,
PURNIMA,30 Mar 2067,,,,,,,,,
AMAVASYA,13 Apr 2067,,,,,,,,,
PURNIMA,29 Apr 2067,,,,,,,,,
AMAVASYA,13 May 2067,,,,,,,,,
PURNIMA,28 May 2067,,,,,,,,,
AMAVASYA,11 Jun 2067,,,,,,,,,
PURNIMA,27 Jun 2067,,,,,,,,,
AMAVASYA,11 Jul 2067,,,,,,,,,
PURNIMA,26 Jul 2067,,,,,,,,,
AMAVASYA,09 Aug 2067,,,,,10 Aug 2067,,,10 Aug 2067,10 Aug 2067
PURNIMA,24 Aug 2067,,,,,,,,,
AMAVASYA,08 Sep 2067,,,,,,,,,
PURNIMA,23 Sep 2067,※,※,※,※,,※,※,※,
AMAVASYA,08 Oct 2067,,,,,,,,,
PURNIMA,22 Oct 2067,,,,,,,,,
AMAVASYA,06 Nov 2067,,,,,,,,,
PURNIMA,20 Nov 2067,,,,,,,,,
AMAVASYA,06 Dec 2067,,,,,,,,,
PURNIMA,20 Dec 2067,,,,,,,,,
AMAVASYA,05 Jan 2068,04 Jan 2068,04 Jan 2068,※,※,※,04 Jan 2068,04 Jan 2068,※,
PURNIMA,19 Jan 2068,,,,,,,,,
AMAVASYA,03 Feb 2068,,,,,,,,,
PURNIMA,18 Feb 2068,17 Feb 2068,17 Feb 2068,17 Feb 2068,17 Feb 2068,,17 Feb 2068,17 Feb 2068,17 Feb 2068,
AMAVASYA ※,03 Mar 2068,,,※,,※,,,※,※
PURNIMA,18 Mar 2068,,,,,,,,,
AMAVASYA,02 Apr 2068,,,,,,,,,
PURNIMA,17 Apr 2068,,,,,,,,,
AMAVASYA,01 May 2068,,,,,,,,,
PURNIMA,17 May 2068,,,,,,,,,
AMAVASYA,31 May 2068,,,,,,,,,
PURNIMA,15 Jun 2068,,,,,,,,,
AMAVASYA,29 Jun 2068,,,,,,,,,
PURNIMA,15 Jul 2068,,,,,,,,,
AMAVASYA,29 Jul 2068,,,,,,,,,
PURNIMA,13 Aug 2068,,,,,,,,,
AMAVASYA,27 Aug 2068,,,,,,,,,
PURNIMA,11 Sep 2068,,,,,,,,,
AMAVASYA,26 Sep 2068,,,,,,,,,
PURNIMA,11 Oct 2068,※,※,※,※,,※,※,,
AMAVASYA,26 Oct 2068,25 Oct 2068,25 Oct 2068,25 Oct 2068,25 Oct 2068,,25 Oct 2068,25 Oct 2068,,
PURNIMA,09 Nov 2068,,,,,,,,,
AMAVASYA,24 Nov 2068,,,,,,,,,
PURNIMA ※,08 Dec 2068,,,,,,,,,
AMAVASYA,24 Dec 2068,,,,,,,,,
PURNIMA,07 Jan 2069,,,,,,,,,
AMAVASYA,23 Jan 2069,22 Jan 2069,22 Jan 2069,※,※,,22 Jan 2069,22 Jan 2069,,
PURNIMA,06 Feb 2069,05 Feb 2069,05 Feb 2069,,,,05 Feb 2069,05 Feb 2069,,
AMAVASYA,21 Feb 2069,,,,,,,,,
PURNIMA,07 Mar 2069,,,,,,,,,
AMAVASYA,23 Mar 2069,※,※,※,※,,※,※,,
PURNIMA,06 Apr 2069,,,,,,,,,
AMAVASYA,21 Apr 2069,,,,,,,,,
PURNIMA,06 May 2069,,,,,,,,,
AMAVASYA,20 May 2069,,,,,,,,,
PURNIMA,04 Jun 2069,,,,,05 Jun 2069,,,,
AMAVASYA,19 Jun 2069,,,,,,,,,
PURNIMA,04 Jul 2069,,,,,,,,,
AMAVASYA,18 Jul 2069,,,,,,,,,
PURNIMA ※,02 Aug 2069,,,※,,03 Aug 2069,,,03 Aug 2069,※
AMAVASYA,16 Aug 2069,,,,,,,,,
PURNIMA,01 Sep 2069,,,,,,,,,
AMAVASYA,15 Sep 2069,,,,,,,,,
PURNIMA,30 Sep 2069,,,,,,,,,
AMAVASYA,15 Oct 2069,14 Oct 2069,14 Oct 2069,14 Oct 2069,14 Oct 2069,,14 Oct 2069,14 Oct 2069,,
PURNIMA,30 Oct 2069,※,※,,※,,※,※,,
AMAVASYA,13 Nov 2069,,,,,,,,,
PURNIMA,28 Nov 2069,,,,,,,,,
AMAVASYA,13 Dec 2069,,,,,,,,,
PURNIMA ※,27 Dec 2069,,,,,※,,,※,※
AMAVASYA,12 Jan 2070,,,,,,,,,
PURNIMA,26 Jan 2070,,,,,,,,,
AMAVASYA,11 Feb 2070,10 Feb 2070,10 Feb 2070,10 Feb 2070,10 Feb 2070,,10 Feb 2070,10 Feb 2070,,
PURNIMA,25 Feb 2070,24 Feb 2070,24 Feb 2070,※,24 Feb 2070,,24 Feb 2070,24 Feb 2070,,
AMAVASYA,12 Mar 2070,,,,,,,,,
PURNIMA,26 Mar 2070,,,,,,,,,
AMAVASYA,11 Apr 2070,※,※,,※,,※,※,,
PURNIMA,25 Apr 2070,,,,,,,,,
AMAVASYA,10 May 2070,,,,,,,,,
PURNIMA,24 May 2070,,,,,25 May 2070,,,,
AMAVASYA,08 Jun 2070,,,,,※,,,,
PURNIMA,23 Jun 2070,,,,,,,,,
AMAVASYA,08 Jul 2070,,,,※,,※,※,,
PURNIMA,23 Jul 2070,,,,,,,,,
AMAVASYA,06 Aug 2070,,,,,,,,,
PURNIMA,21 Aug 2070,,,,,,,,,
AMAVASYA,04 Sep 2070,,,,,,,,,
PURNIMA,20 Sep 2070,,,,,,,,,
AMAVASYA,04 Oct 2070,,,,,,,,,
PURNIMA,19 Oct 2070,,,,,,,,,
AMAVASYA,02 Nov 2070,,,,,,,,,
PURNIMA,18 Nov 2070,,※,,,,※,,,
AMAVASYA,02 Dec 2070,,,,,,,,,
PURNIMA,17 Dec 2070,,,,,,,,,
AMAVASYA,01 Jan 2071,,,,,,,,,
PURNIMA,16 Jan 2071,※,15 Jan 2071,※,※,※,※,※,※,
AMAVASYA,31 Jan 2071,30 Jan 2071,30 Jan 2071,,,,30 Jan 2071,30 Jan 2071,,
PURNIMA,14 Feb 2071,,,,,,,,,
AMAVASYA,01 Mar 2071,,,,,,,,,
PURNIMA,16 Mar 2071,15 Mar 2071,15 Mar 2071,※,15 Mar 2071,,15 Mar 2071,15 Mar 2071,※,
AMAVASYA,31 Mar 2071,,,,,,,,,
PURNIMA,14 Apr 2071,,,,,,,,,
AMAVASYA,30 Apr 2071,,,,,,※,※,,
PURNIMA,14 May 2071,,,,,,,,,
AMAVASYA,29 May 2071,,,,,,,,,
PURNIMA,12 Jun 2071,,,,,,,,,
AMAVASYA,27 Jun 2071,,,,,※,,,,
PURNIMA,12 Jul 2071,,,,,,,,,
AMAVASYA,27 Jul 2071,※,※,,※,,※,※,,
PURNIMA,10 Aug 2071,,,,,,,,,
AMAVASYA,25 Aug 2071,,,,,,,,,
PURNIMA,09 Sep 2071,,,,,,,,,
AMAVASYA,23 Sep 2071,,,,,,,,,
PURNIMA,09 Oct 2071,,,,,,,,,
AMAVASYA,23 Oct 2071,,※,,,,※,,,
PURNIMA,07 Nov 2071,,,,,,,,,
AMAVASYA,21 Nov 2071,,,,,,,,,
PURNIMA,07 Dec 2071,,,,,,,,,
AMAVASYA,21 Dec 2071,,,,,,,,,
PURNIMA,05 Jan 2072,,,,,,,,,
AMAVASYA,20 Jan 2072,19 Jan 2072,19 Jan 2072,19 Jan 2072,19 Jan 2072,,19 Jan 2072,19 Jan 2072,,
PURNIMA,04 Feb 2072,※,※,,,,※,※,,
AMAVASYA,18 Feb 2072,,,,,,,,,
PURNIMA,04 Mar 2072,,,,,,,,,
AMAVASYA,19 Mar 2072,,,,,,,,,
PURNIMA,03 Apr 2072,※,※,,※,,※,※,,
AMAVASYA,18 Apr 2072,,,,,,,,,
PURNIMA,02 May 2072,,,,,,,,,
AMAVASYA ※,17 May 2072,,,18 May 2072,,18 May 2072,,,18 May 2072,18 May 2072
PURNIMA,31 May 2072,,,,,01 Jun 2072,,,,
AMAVASYA,16 Jun 2072,,,,,,,,,
PURNIMA,30 Jun 2072,,,,,,,,,
AMAVASYA,15 Jul 2072,,,,,,,,,
PURNIMA,29 Jul 2072,,,,,,,,,
AMAVASYA,14 Aug 2072,※,※,,※,,※,※,,
PURNIMA,28 Aug 2072,,,,,,,,,
AMAVASYA,12 Sep 2072,,,,,,,,,
PURNIMA,27 Sep 2072,,,,,,,,,
AMAVASYA,11 Oct 2072,,,,,,,,,
PURNIMA,26 Oct 2072,,,,,,,,,
AMAVASYA,10 Nov 2072,※,※,,,,※,※,,
PURNIMA,25 Nov 2072,,,,,,,,,
AMAVASYA,09 Dec 2072,,,,,,,,,
PURNIMA,25 Dec 2072,,,,,,,,,
AMAVASYA,08 Jan 2073,,,,,,,,,
PURNIMA,23 Jan 2073,,,,,,,,,
AMAVASYA,06 Feb 2073,,,,,,,,,
PURNIMA,22 Feb 2073,,,,,,,,,
AMAVASYA,08 Mar 2073,,,,,,,,,
PURNIMA,23 Mar 2073,,,,,,,,,
AMAVASYA,07 Apr 2073,,,,,,,,,
PURNIMA,22 Apr 2073,※,※,,※,,※,※,,
AMAVASYA,07 May 2073,,,,,,,,,
PURNIMA,21 May 2073,,,,,,,,,
AMAVASYA,05 Jun 2073,,,,,,,,,
PURNIMA,19 Jun 2073,,,,,,,,,
AMAVASYA,05 Jul 2073,,,,,,,,,
PURNIMA,19 Jul 2073,,,,,,,,,
AMAVASYA,03 Aug 2073,,,,,,,,,
PURNIMA,17 Aug 2073,,,,,,,,,
AMAVASYA,02 Sep 2073,※,※,,※,,※,※,,
PURNIMA,16 Sep 2073,,,,,,,,,
AMAVASYA,01 Oct 2073,,,,,,,,,
PURNIMA,15 Oct 2073,,,,,,,,,
AMAVASYA,30 Oct 2073,,,,,,,,,
PURNIMA,14 Nov 2073,,,,,,,,,
AMAVASYA,29 Nov 2073,※,※,,,,※,※,,
PURNIMA,14 Dec 2073,,,,,,,,,
AMAVASYA,28 Dec 2073,,,,,,,,,
PURNIMA,13 Jan 2074,,12 Jan 2074,,,,,,,
AMAVASYA,27 Jan 2074,,,,,,,,,
PURNIMA,11 Feb 2074,,,,,,,,,
AMAVASYA,25 Feb 2074,,,,,,,,,
PURNIMA,13 Mar 2074,,,,,,,,,
AMAVASYA,27 Mar 2074,,,,,,,,,
PURNIMA,11 Apr 2074,,,,,,,,,
AMAVASYA,26 Apr 2074,,,,,,,,,
PURNIMA,11 May 2074,,,,,,,,,
AMAVASYA,25 May 2074,,,,,,,,,
PURNIMA,09 Jun 2074,,,,,,,,,
AMAVASYA,24 Jun 2074,,,,,,,,,
PURNIMA,08 Jul 2074,,,,,,,,,
AMAVASYA,24 Jul 2074,,,,,,,,,
PURNIMA,07 Aug 2074,,,,※,,※,※,,
AMAVASYA,22 Aug 2074,,,,,,,,,
PURNIMA,05 Sep 2074,,,,,,,,,
AMAVASYA,21 Sep 2074,※,20 Sep 2074,※,※,,20 Sep 2074,20 Sep 2074,,
PURNIMA,05 Oct 2074,04 Oct 2074,04 Oct 2074,04 Oct 2074,04 Oct 2074,,04 Oct 2074,04 Oct 2074,,
AMAVASYA,20 Oct 2074,,,,,,,,,
PURNIMA,03 Nov 2074,,,,,,,,,
AMAVASYA,18 Nov 2074,,,,,,,,,
PURNIMA,03 Dec 2074,,,,,,,,,
AMAVASYA,18 Dec 2074,,,,,,,,,
PURNIMA,02 Jan 2075,,,,,,,,,
AMAVASYA,16 Jan 2075,,,,,,,,,
PURNIMA,01 Feb 2075,31 Jan 2075,31 Jan 2075,31 Jan 2075,31 Jan 2075,,31 Jan 2075,31 Jan 2075,31 Jan 2075,
AMAVASYA,15 Feb 2075,,,,,,,,,
PURNIMA,02 Mar 2075,,,,,,,,,
AMAVASYA,16 Mar 2075,,,,,,,,,
PURNIMA,01 Apr 2075,,,,,,,,,
AMAVASYA,15 Apr 2075,,,,,,,,,
PURNIMA,30 Apr 2075,,,,,,,,,
AMAVASYA,14 May 2075,,,,,,,,,
PURNIMA,30 May 2075,,,,,,,,,
AMAVASYA,13 Jun 2075,,,,,,,,,
PURNIMA,28 Jun 2075,,,,,,,,,
AMAVASYA,13 Jul 2075,,,,,,,,,
PURNIMA,27 Jul 2075,,,,,,,,,
AMAVASYA,11 Aug 2075,,,,,,,,,
PURNIMA,26 Aug 2075,※,※,,※,,※,※,,
AMAVASYA,10 Sep 2075,,,,,,,,,
PURNIMA,24 Sep 2075,,,,,,,,,
AMAVASYA,09 Oct 2075,,,,,,,,,
PURNIMA,23 Oct 2075,,,,,,,,,
AMAVASYA,08 Nov 2075,,,,,,,,,
PURNIMA,22 Nov 2075,,,,,,,,,
AMAVASYA ※,07 Dec 2075,,,,,,,,,
PURNIMA,22 Dec 2075,,21 Dec 2075,,,,,,,
AMAVASYA,06 Jan 2076,,,,,,,,,
PURNIMA,21 Jan 2076,20 Jan 2076,20 Jan 2076,20 Jan 2076,20 Jan 2076,20 Jan 2076,20 Jan 2076,20 Jan 2076,20 Jan 2076,20 Jan 2076
AMAVASYA,04 Feb 2076,,,,,,,,,
PURNIMA,19 Feb 2076,,,,,,,,,
AMAVASYA,05 Mar 2076,,,,,,,,,
PURNIMA,20 Mar 2076,,,,,,,,,
AMAVASYA,03 Apr 2076,,,,,,,,,
PURNIMA,19 Apr 2076,,,,,,,,,
AMAVASYA,03 May 2076,,,,,,,,,
PURNIMA,18 May 2076,,,,,,,,,
AMAVASYA,01 Jun 2076,,,,,,,,,
PURNIMA,17 Jun 2076,,,,,,,,,
AMAVASYA,01 Jul 2076,,,,,,,,,
PURNIMA,16 Jul 2076,,,,,,,,,
AMAVASYA,30 Jul 2076,,,,,,,,,
PURNIMA,14 Aug 2076,,,,,,,,,
AMAVASYA,29 Aug 2076,,,,,,,,,
PURNIMA ※,12 Sep 2076,※,※,※,※,13 Sep 2076,※,※,※,13 Sep 2076
AMAVASYA,28 Sep 2076,,27 Sep 2076,,,,27 Sep 2076,27 Sep 2076,,
PURNIMA,12 Oct 2076,,,,,,,,,
AMAVASYA,27 Oct 2076,,,,,,,,,
PURNIMA,10 Nov 2076,,,,,,,,,
AMAVASYA,26 Nov 2076,,,,,,,,,
PURNIMA,10 Dec 2076,,,,,,,,,
AMAVASYA ※,25 Dec 2076,,,,,※,,,,※
PURNIMA,09 Jan 2077,08 Jan 2077,08 Jan 2077,08 Jan 2077,08 Jan 2077,,08 Jan 2077,08 Jan 2077,,
AMAVASYA,24 Jan 2077,,,,,,,,,
PURNIMA,07 Feb 2077,,,,,,,,,
AMAVASYA ※,22 Feb 2077,,,,,※,,,※,※
PURNIMA,09 Mar 2077,,,,,,,,,
AMAVASYA,24 Mar 2077,,,,,,,,,
PURNIMA,08 Apr 2077,,,,,,,,,
AMAVASYA,22 Apr 2077,,,,,,,,,
PURNIMA,08 May 2077,07 May 2077,07 May 2077,,07 May 2077,,07 May 2077,07 May 2077,,
AMAVASYA,22 May 2077,,,,,,,,,
PURNIMA,06 Jun 2077,,,,,,,,,
AMAVASYA,20 Jun 2077,,,,,,,,,
PURNIMA,06 Jul 2077,,,,※,,※,※,,
AMAVASYA,19 Jul 2077,,,20 Jul 2077,,20 Jul 2077,,,20 Jul 2077,20 Jul 2077
PURNIMA,04 Aug 2077,,,,,,,,,
AMAVASYA,18 Aug 2077,,,,,,,,,
PURNIMA,02 Sep 2077,,,,,,,,,
AMAVASYA,17 Sep 2077,,,,,,16 Sep 2077,16 Sep 2077,,
PURNIMA,02 Oct 2077,※,※,※,※,,※,※,,
AMAVASYA,16 Oct 2077,,,,,,,,,
PURNIMA,31 Oct 2077,,,,,,,,,
AMAVASYA,15 Nov 2077,,,,,,,,,
PURNIMA,29 Nov 2077,,,,,,,,,
AMAVASYA,15 Dec 2077,,,,,,,,,
PURNIMA,29 Dec 2077,,,,,,,,,
AMAVASYA ※,13 Jan 2078,,,,,,,,,
PURNIMA,28 Jan 2078,27 Jan 2078,27 Jan 2078,27 Jan 2078,27 Jan 2078,27 Jan 2078,27 Jan 2078,27 Jan 2078,27 Jan 2078,27 Jan 2078
AMAVASYA,12 Feb 2078,,,,,,,,,
PURNIMA,26 Feb 2078,,,,,,,,,
AMAVASYA ※,13 Mar 2078,※,,※,※,※,,,※,※
PURNIMA,28 Mar 2078,,,,,,,,,
AMAVASYA,12 Apr 2078,,,,,,,,,
PURNIMA,27 Apr 2078,26 Apr 2078,26 Apr 2078,,26 Apr 2078,,26 Apr 2078,26 Apr 2078,,
AMAVASYA,11 May 2078,,,,,,,,,
PURNIMA,26 May 2078,,,,,,,,,
AMAVASYA,10 Jun 2078,,,,,,,,,
PURNIMA,25 Jun 2078,,,,,,,,,
AMAVASYA,09 Jul 2078,,,,,,,,,
PURNIMA,24 Jul 2078,,,,,※,,,,
AMAVASYA,07 Aug 2078,,,,,,,,,
PURNIMA,23 Aug 2078,,,,,,,,,
AMAVASYA,06 Sep 2078,,,,,,,,,
PURNIMA,21 Sep 2078,,,,,,,,,
AMAVASYA,05 Oct 2078,,,,,,,,,
PURNIMA,21 Oct 2078,※,※,,※,,※,※,,
AMAVASYA,04 Nov 2078,,,,,,,,,
PURNIMA,19 Nov 2078,,,,,,,,,
AMAVASYA,04 Dec 2078,,,,,,,,,
PURNIMA ※,18 Dec 2078,,,,,※,,,,※
AMAVASYA,03 Jan 2079,02 Jan 2079,02 Jan 2079,,,,02 Jan 2079,02 Jan 2079,,
PURNIMA,17 Jan 2079,,,,,,,,,
AMAVASYA,01 Feb 2079,,,,,,,,,
PURNIMA ※,15 Feb 2079,,,,,,,,,
AMAVASYA,03 Mar 2079,,,,,,,,,
PURNIMA,17 Mar 2079,,,,,,,,,
AMAVASYA,02 Apr 2079,※,※,,※,,※,※,,
PURNIMA,16 Apr 2079,,,,,,,,,
AMAVASYA,01 May 2079,,,,,,,,,
PURNIMA,15 May 2079,,,,,,,,,
AMAVASYA,30 May 2079,,,,,※,,,,
PURNIMA,14 Jun 2079,,,,,,,,,
AMAVASYA,29 Jun 2079,,,,※,,※,※,,
PURNIMA,14 Jul 2079,,,,13 Jul 2079,,13 Jul 2079,13 Jul 2079,,
AMAVASYA,28 Jul 2079,,,,,,,,,
PURNIMA,12 Aug 2079,,,,,,,,,
AMAVASYA,26 Aug 2079,,,,,,,,,
PURNIMA,11 Sep 2079,,,,,,,,,
AMAVASYA,25 Sep 2079,,,,,,,,,
PURNIMA,10 Oct 2079,,,,,,,,,
AMAVASYA,24 Oct 2079,,,,,,,,,
PURNIMA,09 Nov 2079,※,※,,,,※,※,,
AMAVASYA,23 Nov 2079,,,,,,,,,
PURNIMA,08 Dec 2079,,,,,,,,,
AMAVASYA,23 Dec 2079,22 Dec 2079,22 Dec 2079,22 Dec 2079,22 Dec 2079,,22 Dec 2079,22 Dec 2079,,
PURNIMA,07 Jan 2080,06 Jan 2080,06 Jan 2080,※,※,※,06 Jan 2080,06 Jan 2080,※,※
AMAVASYA,21 Jan 2080,,,,,,,,,
PURNIMA,05 Feb 2080,,,,,,,,,
AMAVASYA,20 Feb 2080,,,,,,,,,
PURNIMA ※,05 Mar 2080,,,,,※,,,※,※
AMAVASYA,21 Mar 2080,,,,,,,,,
PURNIMA,04 Apr 2080,,,,,,,,,
AMAVASYA,20 Apr 2080,19 Apr 2080,19 Apr 2080,,19 Apr 2080,,19 Apr 2080,19 Apr 2080,,
PURNIMA,03 May 2080,,,04 May 2080,,04 May 2080,,,04 May 2080,04 May 2080
AMAVASYA,19 May 2080,,,,,,,,,
PURNIMA,02 Jun 2080,,,,,,,,,
AMAVASYA,17 Jun 2080,,,,,※,,,,
PURNIMA,02 Jul 2080,,,,,,,,,
AMAVASYA,17 Jul 2080,,,,※,,※,※,,
PURNIMA,31 Jul 2080,,,,,,,,,
AMAVASYA,15 Aug 2080,,,,,,,,,
PURNIMA,30 Aug 2080,,,,,,,,,
AMAVASYA,13 Sep 2080,,,,,,,,,
PURNIMA,29 Sep 2080,28 Sep 2080,28 Sep 2080,28 Sep 2080,28 Sep 2080,,28 Sep 2080,28 Sep 2080,28 Sep 2080,28 Sep 2080
AMAVASYA,13 Oct 2080,※,※,,※,,※,※,,
PURNIMA,28 Oct 2080,,,,,,,,,
AMAVASYA,11 Nov 2080,,,,,,,,,
PURNIMA,27 Nov 2080,※,※,,,,※,※,,
AMAVASYA,11 Dec 2080,,10 Dec 2080,,,,,,,
PURNIMA,26 Dec 2080,,,,,,,,,
AMAVASYA,09 Jan 2081,,,,,,,,,
PURNIMA,25 Jan 2081,※,※,※,※,,※,※,,
AMAVASYA,08 Feb 2081,,,,,,,,,
PURNIMA,23 Feb 2081,,,,,,,,,
AMAVASYA,10 Mar 2081,,,,,,,,,
PURNIMA ※,24 Mar 2081,※,※,※,※,25 Mar 2081,,※,※,※
AMAVASYA,09 Apr 2081,,,,,,,,,
PURNIMA,23 Apr 2081,,,,,,,,,
AMAVASYA,08 May 2081,,,,,,,,,
PURNIMA,22 May 2081,,,,,,,,,
AMAVASYA,07 Jun 2081,,,,,,,,,
PURNIMA,21 Jun 2081,,,,,,,,,
AMAVASYA,06 Jul 2081,,,,,,,,,
PURNIMA,20 Jul 2081,,,,,,,,,
AMAVASYA,05 Aug 2081,※,※,,※,,※,※,,
PURNIMA,19 Aug 2081,,,,,,,,,
AMAVASYA,03 Sep 2081,,,,,,,,,
PURNIMA,18 Sep 2081,17 Sep 2081,17 Sep 2081,17 Sep 2081,17 Sep 2081,,17 Sep 2081,17 Sep 2081,,
AMAVASYA,02 Oct 2081,,,,,,,,,
PURNIMA,17 Oct 2081,,,,,,,,,
AMAVASYA,01 Nov 2081,※,※,※,※,,※,※,,
PURNIMA,16 Nov 2081,,,,,,,,,
AMAVASYA,30 Nov 2081,,,,,,,,,
PURNIMA,16 Dec 2081,15 Dec 2081,15 Dec 2081,,※,,15 Dec 2081,15 Dec 2081,,
AMAVASYA,30 Dec 2081,29 Dec 2081,29 Dec 2081,※,※,,29 Dec 2081,29 Dec 2081,,
PURNIMA,14 Jan 2082,,,,,,,,,
AMAVASYA,28 Jan 2082,,,,,,,,,
PURNIMA,13 Feb 2082,,,,,,,,,
AMAVASYA,27 Feb 2082,,,,,,,,,
PURNIMA,14 Mar 2082,,,,,,,,,
AMAVASYA,29 Mar 2082,,,,,,,,,
PURNIMA,13 Apr 2082,※,※,,※,,※,※,,
AMAVASYA,27 Apr 2082,,,,,28 Apr 2082,,,,
PURNIMA,12 May 2082,,,,,,,,,
AMAVASYA,27 May 2082,,,,,,,,,
PURNIMA,10 Jun 2082,,,,,,,,,
AMAVASYA,26 Jun 2082,,,,,,,,,
PURNIMA,10 Jul 2082,,,,,,,,,
AMAVASYA,25 Jul 2082,,,,,,,,,
PURNIMA,08 Aug 2082,,,,,,,,,
AMAVASYA,24 Aug 2082,※,※,,※,,※,※,,
PURNIMA,07 Sep 2082,,06 Sep 2082,,,,06 Sep 2082,06 Sep 2082,,
AMAVASYA,22 Sep 2082,,,,,,,,,
PURNIMA,06 Oct 2082,,,,,,,,,
AMAVASYA,21 Oct 2082,,,,,,,,,
PURNIMA,05 Nov 2082,,,,,,,,,
AMAVASYA,20 Nov 2082,※,※,,,,※,※,,
PURNIMA,05 Dec 2082,,,,,,,,,
AMAVASYA,19 Dec 2082,,,,,,,,,
PURNIMA,04 Jan 2083,03 Jan 2083,03 Jan 2083,03 Jan 2083,03 Jan 2083,03 Jan 2083,03 Jan 2083,03 Jan 2083,03 Jan 2083,03 Jan 2083
AMAVASYA,18 Jan 2083,17 Jan 2083,17 Jan 2083,※,※,,17 Jan 2083,17 Jan 2083,,
PURNIMA,02 Feb 2083,,,,,,,,,
AMAVASYA,16 Feb 2083,,,,,,,,,
PURNIMA,04 Mar 2083,,,,,,,,,
AMAVASYA,18 Mar 2083,,,,,,,,,
PURNIMA,02 Apr 2083,,,,,,,,,
AMAVASYA,16 Apr 2083,,,,,17 Apr 2083,,,,17 Apr 2083
PURNIMA,02 May 2083,,,,,,※,※,,
AMAVASYA,16 May 2083,,,,,,,,,
PURNIMA,31 May 2083,,,,,,,,,
AMAVASYA,15 Jun 2083,,,,,,,,,
PURNIMA,29 Jun 2083,,,,,,,,,
AMAVASYA,14 Jul 2083,,,,,15 Jul 2083,,,,
PURNIMA,29 Jul 2083,※,※,,※,,※,※,,
AMAVASYA,13 Aug 2083,,,,,,,,,
PURNIMA,27 Aug 2083,,,,,,,,,
AMAVASYA ※,11 Sep 2083,,,※,,12 Sep 2083,,,※,※
PURNIMA,25 Sep 2083,,,,,,,,,
AMAVASYA,11 Oct 2083,,,,,,,,,
PURNIMA,25 Oct 2083,,,,,,,,,
AMAVASYA,09 Nov 2083,,,,,,,,,
PURNIMA,24 Nov 2083,,23 Nov 2083,,,,,,,
AMAVASYA,09 Dec 2083,,※,,,,,,,
PURNIMA,24 Dec 2083,23 Dec 2083,23 Dec 2083,23 Dec 2083,23 Dec 2083,23 Dec 2083,23 Dec 2083,23 Dec 2083,23 Dec 2083,23 Dec 2083
AMAVASYA,07 Jan 2084,,,,,,,,,
PURNIMA,22 Jan 2084,,,,,,,,,
AMAVASYA,06 Feb 2084,※,※,,,,※,※,,
PURNIMA,21 Feb 2084,,,,,,,,,
AMAVASYA,06 Mar 2084,,,,,,,,,
PURNIMA,22 Mar 2084,,,,,,,,,
AMAVASYA,05 Apr 2084,,,,,,,,,
PURNIMA,20 Apr 2084,,,,,,,,,
AMAVASYA,04 May 2084,,,,,,,,,
PURNIMA,20 May 2084,,,,,,,,,
AMAVASYA,03 Jun 2084,,,,,,,,,
PURNIMA,18 Jun 2084,,,,,,,,,
AMAVASYA,02 Jul 2084,,,,,03 Jul 2084,,,03 Jul 2084,
PURNIMA,17 Jul 2084,,,,,,,,,
AMAVASYA,01 Aug 2084,,,,,,,,,
PURNIMA ※,15 Aug 2084,※,※,16 Aug 2084,※,16 Aug 2084,※,※,16 Aug 2084,16 Aug 2084
AMAVASYA,31 Aug 2084,,,,,,,,,
PURNIMA,14 Sep 2084,,,,,,,,,
AMAVASYA,29 Sep 2084,,,,,,,,,
PURNIMA,13 Oct 2084,,,,,,,,,
AMAVASYA,29 Oct 2084,,,,,,,,,
PURNIMA,12 Nov 2084,,,,,,,,,
AMAVASYA,27 Nov 2084,,,,,,,,,
PURNIMA,12 Dec 2084,11 Dec 2084,11 Dec 2084,11 Dec 2084,11 Dec 2084,11 Dec 2084,11 Dec 2084,11 Dec 2084,11 Dec 2084,11 Dec 2084
AMAVASYA,27 Dec 2084,,,,,,,,,
PURNIMA,10 Jan 2085,,,,,,,,,
AMAVASYA,25 Jan 2085,,,,,,,,,
PURNIMA,09 Feb 2085,,,,,,,,,
AMAVASYA,24 Feb 2085,,,,,,,,,
PURNIMA,11 Mar 2085,,,,,,,,,
AMAVASYA,25 Mar 2085,,,,,,,,,
PURNIMA,10 Apr 2085,,,,,,09 Apr 2085,09 Apr 2085,,
AMAVASYA,24 Apr 2085,,,,,,,,,
PURNIMA,09 May 2085,,,,,,,,,
AMAVASYA,23 May 2085,,,,,,,,,
PURNIMA,08 Jun 2085,,,,,,,,,
AMAVASYA,22 Jun 2085,,,,,,,,,
PURNIMA,07 Jul 2085,,,,,,,,,
AMAVASYA,21 Jul 2085,,,,,,,,,
PURNIMA,05 Aug 2085,,,,,,,,,
AMAVASYA,20 Aug 2085,,,,,,,,,
PURNIMA ※,03 Sep 2085,※,※,※,※,04 Sep 2085,※,※,04 Sep 2085,04 Sep 2085
AMAVASYA,18 Sep 2085,,,,,,,,,
PURNIMA,03 Oct 2085,,,,,,,,,
AMAVASYA,18 Oct 2085,,,,,,,,,
PURNIMA,01 Nov 2085,,,,,,,,,
AMAVASYA,17 Nov 2085,,,,,,,,,
PURNIMA,01 Dec 2085,,,,,,,,,
AMAVASYA,16 Dec 2085,,,,,,,,,
PURNIMA,30 Dec 2085,,,,,,,,,
AMAVASYA,15 Jan 2086,,,,,,,,,
PURNIMA,29 Jan 2086,,,,,,,,,
AMAVASYA ※,13 Feb 2086,,,,,※,,,,※
PURNIMA,28 Feb 2086,,,,,,,,,
AMAVASYA,15 Mar 2086,,,,,,,,,
PURNIMA,30 Mar 2086,,,,,,,,,
AMAVASYA,13 Apr 2086,,,,,,,,,
PURNIMA,28 Apr 2086,,,,,,,,,
AMAVASYA,13 May 2086,,,,※,,※,※,,
PURNIMA,28 May 2086,,,,,,,,,
AMAVASYA,11 Jun 2086,,,,,,,,,
PURNIMA ※,26 Jun 2086,※,※,27 Jun 2086,,27 Jun 2086,,,27 Jun 2086,27 Jun 2086
AMAVASYA,10 Jul 2086,,,,,※,,,,
PURNIMA,26 Jul 2086,,,,,,,,,
AMAVASYA,09 Aug 2086,,,,,,,,,
PURNIMA,24 Aug 2086,,,,,,,,,
AMAVASYA,07 Sep 2086,,,,,,,,,
PURNIMA,23 Sep 2086,※,※,※,※,,※,※,,
AMAVASYA,07 Oct 2086,,,,,,,,,
PURNIMA,22 Oct 2086,,,,,,,,,
AMAVASYA,06 Nov 2086,,,,,,,,,
PURNIMA,20 Nov 2086,,,,,,,,,
AMAVASYA,06 Dec 2086,05 Dec 2086,05 Dec 2086,,05 Dec 2086,,05 Dec 2086,05 Dec 2086,,
PURNIMA,20 Dec 2086,,,,,,,,,
AMAVASYA,04 Jan 2087,,,,,,,,,
PURNIMA,18 Jan 2087,,,,,,,,,
AMAVASYA,03 Feb 2087,,,,,,,,,
PURNIMA,17 Feb 2087,,,,,,,,,
AMAVASYA ※,04 Mar 2087,,,,,※,,,※,※
PURNIMA,19 Mar 2087,,,,,,,,,
AMAVASYA,03 Apr 2087,,,,,,,,,
PURNIMA,17 Apr 2087,,,,,,,,,
AMAVASYA,02 May 2087,,,,,,,,,
PURNIMA,17 May 2087,,,,,,,,,
AMAVASYA,01 Jun 2087,,,,※,,※,※,,
PURNIMA,16 Jun 2087,,,,,,,,,
AMAVASYA,30 Jun 2087,,,,,,,,,
PURNIMA,15 Jul 2087,,,,,,,,,
AMAVASYA,29 Jul 2087,,,,,,,,,
PURNIMA,14 Aug 2087,,,,,,,,,
AMAVASYA,28 Aug 2087,,,,,,,,,
PURNIMA,12 Sep 2087,,,,,,,,,
AMAVASYA,26 Sep 2087,,,,,,,,,
PURNIMA,12 Oct 2087,※,※,※,※,,※,※,,
AMAVASYA,26 Oct 2087,,,,,,,,,
PURNIMA,10 Nov 2087,,,,,,,,,
AMAVASYA,25 Nov 2087,24 Nov 2087,24 Nov 2087,24 Nov 2087,24 Nov 2087,,24 Nov 2087,24 Nov 2087,,
PURNIMA ※,09 Dec 2087,,,,,,,,,※
AMAVASYA,24 Dec 2087,,,,,,,,,
PURNIMA,08 Jan 2088,,,,,,,,,
AMAVASYA,23 Jan 2088,,,,,,,,,
PURNIMA,06 Feb 2088,,,,,,,,,
AMAVASYA,22 Feb 2088,,,,,,,,,
PURNIMA,07 Mar 2088,,,,,,,,,
AMAVASYA ※,22 Mar 2088,,,,,※,,,※,※
PURNIMA,05 Apr 2088,,,,,06 Apr 2088,,,,
AMAVASYA,21 Apr 2088,,,,,,,,,
PURNIMA,05 May 2088,,,,,,,,,
AMAVASYA,20 May 2088,,,,,※,,,,
PURNIMA,04 Jun 2088,,,,,,,,,
AMAVASYA,19 Jun 2088,,,,,,,,,
PURNIMA,03 Jul 2088,,,,,,,,,
AMAVASYA,18 Jul 2088,,,,,,,,,
PURNIMA,02 Aug 2088,,,,,,,,,
AMAVASYA,16 Aug 2088,,,,,,,,,
PURNIMA,01 Sep 2088,31 Aug 2088,31 Aug 2088,,31 Aug 2088,,31 Aug 2088,31 Aug 2088,,
AMAVASYA,15 Sep 2088,※,※,,※,,14 Sep 2088,※,,
PURNIMA,30 Sep 2088,,,,,,,,,
AMAVASYA,14 Oct 2088,,,,,,,,,
PURNIMA,30 Oct 2088,※,※,,※,,※,※,,
AMAVASYA,13 Nov 2088,,12 Nov 2088,,,,12 Nov 2088,,,
PURNIMA,28 Nov 2088,,,,,,,,,
AMAVASYA,12 Dec 2088,,,,,,,,,
PURNIMA ※,27 Dec 2088,,,※,,※,,,※,※
AMAVASYA,11 Jan 2089,,,,,,,,,
PURNIMA,26 Jan 2089,,,,,,,,,
AMAVASYA,10 Feb 2089,,,,,,,,,
PURNIMA ※,24 Feb 2089,,,,,,,,,
AMAVASYA,12 Mar 2089,,,,,,,,,
PURNIMA,26 Mar 2089,,,,,,,,,
AMAVASYA,10 Apr 2089,,,,,,,,,
PURNIMA,24 Apr 2089,,,,,,,,,
AMAVASYA,10 May 2089,,,,,,,,,
PURNIMA,24 May 2089,,,,,,,,,
AMAVASYA,08 Jun 2089,,,,,,,,,
PURNIMA,22 Jun 2089,,,,,23 Jun 2089,,,,
AMAVASYA,08 Jul 2089,,,,,,※,※,,
PURNIMA,22 Jul 2089,,,,,,,,,
AMAVASYA,06 Aug 2089,,,,,,,,,
PURNIMA,21 Aug 2089,,,,,,,,,
AMAVASYA,04 Sep 2089,,,,,,,,,
PURNIMA,19 Sep 2089,,,,,,,,,
AMAVASYA,04 Oct 2089,※,03 Oct 2089,※,※,,03 Oct 2089,03 Oct 2089,※,
PURNIMA,19 Oct 2089,,,,,,,,,
AMAVASYA,02 Nov 2089,,,,,,,,,
PURNIMA,18 Nov 2089,17 Nov 2089,17 Nov 2089,※,17 Nov 2089,,17 Nov 2089,17 Nov 2089,,
AMAVASYA,02 Dec 2089,01 Dec 2089,01 Dec 2089,01 Dec 2089,01 Dec 2089,,01 Dec 2089,01 Dec 2089,,
PURNIMA,17 Dec 2089,,,,,,,,,
AMAVASYA,31 Dec 2089,,,,,,,,,
PURNIMA,16 Jan 2090,※,15 Jan 2090,※,※,,※,※,※,
AMAVASYA,30 Jan 2090,,,,,,,,,
PURNIMA,14 Feb 2090,,,,,,,,,
AMAVASYA,01 Mar 2090,,,,,,,,,
PURNIMA ※,15 Mar 2090,,,※,,※,,,※,※
AMAVASYA,31 Mar 2090,30 Mar 2090,30 Mar 2090,,30 Mar 2090,,30 Mar 2090,30 Mar 2090,,
PURNIMA,14 Apr 2090,,,,,,,,,
AMAVASYA,29 Apr 2090,,,,,,,,,
PURNIMA,13 May 2090,,,,,,,,,
AMAVASYA,29 May 2090,,,,,,,,,
PURNIMA,12 Jun 2090,,,,,,,,,
AMAVASYA,27 Jun 2090,,,,,,,,,
PURNIMA,11 Jul 2090,,,,,,,,,
AMAVASYA,27 Jul 2090,※,※,,※,,※,※,,
PURNIMA,10 Aug 2090,,,,,,,,,
AMAVASYA,25 Aug 2090,,,,,,,,,
PURNIMA,08 Sep 2090,,,,,,,,,
AMAVASYA,23 Sep 2090,,,,,,,,,
PURNIMA,08 Oct 2090,,,,,,,,,
AMAVASYA,23 Oct 2090,※,※,※,※,,※,※,,
PURNIMA,07 Nov 2090,,,,,,,,,
AMAVASYA,21 Nov 2090,,,,,,,,,
PURNIMA,06 Dec 2090,,,,,,,,,
AMAVASYA,21 Dec 2090,20 Dec 2090,20 Dec 2090,20 Dec 2090,20 Dec 2090,※,20 Dec 2090,20 Dec 2090,20 Dec 2090,※
PURNIMA,05 Jan 2091,,,,,,,,,
AMAVASYA,19 Jan 2091,,,,,,,,,
PURNIMA,04 Feb 2091,※,※,,,,※,※,,
AMAVASYA,18 Feb 2091,,,,,,,,,
PURNIMA,05 Mar 2091,,,,,,,,,
AMAVASYA,20 Mar 2091,19 Mar 2091,19 Mar 2091,19 Mar 2091,19 Mar 2091,,19 Mar 2091,19 Mar 2091,,
PURNIMA,04 Apr 2091,※,※,,※,,※,※,,
AMAVASYA,18 Apr 2091,,,,,,,,,
PURNIMA,03 May 2091,,,,,,,,,
AMAVASYA,18 May 2091,,,,,,,,,
PURNIMA,01 Jun 2091,,,,,,,,,
AMAVASYA,17 Jun 2091,,,,,,,,,
PURNIMA,01 Jul 2091,,,,,,,,,
AMAVASYA,16 Jul 2091,,,,,,,,,
PURNIMA,30 Jul 2091,,,,,,,,,
AMAVASYA ※,14 Aug 2091,※,,※,,15 Aug 2091,,,15 Aug 2091,15 Aug 2091
PURNIMA,28 Aug 2091,,,,,29 Aug 2091,,,,
AMAVASYA,13 Sep 2091,,,,,,,,,
PURNIMA,27 Sep 2091,,,,,,,,,
AMAVASYA,12 Oct 2091,,,,,,,,,
PURNIMA,27 Oct 2091,,,,,,,,,
AMAVASYA,11 Nov 2091,※,※,,※,,※,※,,
PURNIMA,26 Nov 2091,25 Nov 2091,25 Nov 2091,25 Nov 2091,25 Nov 2091,25 Nov 2091,25 Nov 2091,25 Nov 2091,25 Nov 2091,25 Nov 2091
AMAVASYA,10 Dec 2091,,,,,,,,,
PURNIMA,25 Dec 2091,,,,,,,,,
AMAVASYA,09 Jan 2092,08 Jan 2092,08 Jan 2092,08 Jan 2092,08 Jan 2092,※,08 Jan 2092,08 Jan 2092,※,※
PURNIMA,24 Jan 2092,,,,,,,,,
AMAVASYA,07 Feb 2092,,,,,,,,,
PURNIMA,23 Feb 2092,,,,,,,,,
AMAVASYA,08 Mar 2092,,,,,,,,,
PURNIMA,23 Mar 2092,,,,,,,,,
AMAVASYA,06 Apr 2092,,,,,,,,,
PURNIMA,22 Apr 2092,,,,,,※,※,,
AMAVASYA,06 May 2092,,,,,,,,,
PURNIMA,21 May 2092,,,,,,,,,
AMAVASYA,05 Jun 2092,,,,,,,,,
PURNIMA,19 Jun 2092,,,,,,,,,
AMAVASYA,04 Jul 2092,,,,,,,,,
PURNIMA ※,18 Jul 2092,※,※,19 Jul 2092,※,19 Jul 2092,※,※,19 Jul 2092,19 Jul 2092
AMAVASYA,03 Aug 2092,,,,,,,,,
PURNIMA,17 Aug 2092,,,,,,,,,
AMAVASYA,01 Sep 2092,,,,,,,,,
PURNIMA,15 Sep 2092,,,,,,,,,
AMAVASYA,01 Oct 2092,,,,,,,,,
PURNIMA,15 Oct 2092,,,,,,,,,
AMAVASYA,30 Oct 2092,,,,,,,,,
PURNIMA,14 Nov 2092,13 Nov 2092,13 Nov 2092,13 Nov 2092,13 Nov 2092,13 Nov 2092,13 Nov 2092,13 Nov 2092,13 Nov 2092,13 Nov 2092
AMAVASYA,29 Nov 2092,,※,,,,※,,,
PURNIMA,13 Dec 2092,,,,,,,,,
AMAVASYA,28 Dec 2092,,,,,,,,,
PURNIMA,12 Jan 2093,,,,,,,,,
AMAVASYA,27 Jan 2093,※,※,※,※,,※,※,,
PURNIMA,11 Feb 2093,,,,,,,,,
AMAVASYA,25 Feb 2093,,,,,,,,,
PURNIMA,13 Mar 2093,,12 Mar 2093,,,,12 Mar 2093,12 Mar 2093,,
AMAVASYA,27 Mar 2093,,※,,,,※,※,,
PURNIMA,11 Apr 2093,,,,,,,,,
AMAVASYA,25 Apr 2093,,,,,,,,,
PURNIMA,11 May 2093,,,,,,,,,
AMAVASYA,25 May 2093,,,,,,,,,
PURNIMA,09 Jun 2093,,,,,,,,,
AMAVASYA,23 Jun 2093,,,,,,,,,
PURNIMA,08 Jul 2093,,,,,,,,,
AMAVASYA,23 Jul 2093,,,,,,,,,
PURNIMA ※,06 Aug 2093,※,※,07 Aug 2093,※,07 Aug 2093,※,※,07 Aug 2093,07 Aug 2093
AMAVASYA,22 Aug 2093,21 Aug 2093,21 Aug 2093,,21 Aug 2093,,21 Aug 2093,21 Aug 2093,,
PURNIMA,05 Sep 2093,,,,,,,,,
AMAVASYA,20 Sep 2093,,,,,,,,,
PURNIMA,04 Oct 2093,,,,,,,,,
AMAVASYA,20 Oct 2093,,,,,,,,,
PURNIMA,03 Nov 2093,,,,,,,,,
AMAVASYA,18 Nov 2093,,,,,,,,,
PURNIMA,02 Dec 2093,,,,,,,,,
AMAVASYA,18 Dec 2093,,,,,,,,,
PURNIMA,01 Jan 2094,,,,,,,,,
AMAVASYA,16 Jan 2094,,,,,,,,,
PURNIMA,31 Jan 2094,,,,,,,,,
AMAVASYA,15 Feb 2094,,,,,,,,,
PURNIMA,02 Mar 2094,,,,,,,,,
AMAVASYA,16 Mar 2094,,,,,,,,,
PURNIMA,31 Mar 2094,,,,,,,,,
AMAVASYA,15 Apr 2094,※,※,,※,,※,※,,
PURNIMA,30 Apr 2094,,,,,,,,,
AMAVASYA,14 May 2094,,,,,,,,,
PURNIMA,30 May 2094,,,,※,,※,※,,
AMAVASYA,12 Jun 2094,,,13 Jun 2094,,13 Jun 2094,,,13 Jun 2094,13 Jun 2094
PURNIMA,28 Jun 2094,,,,,,,,,
AMAVASYA,12 Jul 2094,,,,,,,,,
PURNIMA,27 Jul 2094,,,,,,,,,
AMAVASYA,11 Aug 2094,,,,10 Aug 2094,,10 Aug 2094,10 Aug 2094,,
PURNIMA,26 Aug 2094,※,※,,※,,※,※,,
AMAVASYA,09 Sep 2094,,,,,,,,,
PURNIMA,24 Sep 2094,,,,,,,,,
AMAVASYA,09 Oct 2094,,,,,,,,,
PURNIMA,23 Oct 2094,,,,,,,,,
AMAVASYA,08 Nov 2094,07 Nov 2094,07 Nov 2094,,07 Nov 2094,,07 Nov 2094,07 Nov 2094,,
PURNIMA,22 Nov 2094,,※,,,,※,,,
AMAVASYA,07 Dec 2094,,,,,,,,,
PURNIMA,21 Dec 2094,,,,,,,,,
AMAVASYA,06 Jan 2095,,,,,,,,,
PURNIMA,20 Jan 2095,,,,,,,,,
AMAVASYA,04 Feb 2095,,,,,,,,,
PURNIMA,19 Feb 2095,,18 Feb 2095,,,,18 Feb 2095,18 Feb 2095,,
AMAVASYA,06 Mar 2095,,,,,,,,,
PURNIMA,20 Mar 2095,,,,,,,,,
AMAVASYA,04 Apr 2095,,,,,,,,,
PURNIMA,19 Apr 2095,,,,,,,,,
AMAVASYA,04 May 2095,※,※,,※,,※,※,,
PURNIMA,19 May 2095,,,,,,,,,
AMAVASYA,02 Jun 2095,,,,,,,,,
PURNIMA,17 Jun 2095,,,,,18 Jun 2095,,,,
AMAVASYA,01 Jul 2095,,,,,,,,,
PURNIMA,17 Jul 2095,,,,,,,,,
AMAVASYA,31 Jul 2095,,,,,,,,,
PURNIMA,15 Aug 2095,,,,,,,,,
AMAVASYA,29 Aug 2095,,,,,,,,,
PURNIMA,14 Sep 2095,※,※,※,※,,※,※,,
AMAVASYA,28 Sep 2095,,,,,,,,,
PURNIMA,13 Oct 2095,,,,,,,,,
AMAVASYA,28 Oct 2095,27 Oct 2095,27 Oct 2095,,,,27 Oct 2095,27 Oct 2095,,
PURNIMA,11 Nov 2095,,,,,,,,,
AMAVASYA,26 Nov 2095,,,,,,,,,
PURNIMA,11 Dec 2095,,※,,,,,,,
AMAVASYA,26 Dec 2095,,,,,,,,,
PURNIMA,09 Jan 2096,,,,,,,,,
AMAVASYA,25 Jan 2096,,,,,,,,,
PURNIMA,08 Feb 2096,,,,,,,,,
AMAVASYA,23 Feb 2096,,,,,,,,,
PURNIMA,08 Mar 2096,,,,,,,,,
AMAVASYA,24 Mar 2096,,,,,,,,,
PURNIMA,07 Apr 2096,,,,,,,,,
AMAVASYA,22 Apr 2096,,,,,,,,,
PURNIMA,07 May 2096,,,,,,,,,
AMAVASYA,22 May 2096,,,,※,,※,※,,
PURNIMA,06 Jun 2096,05 Jun 2096,,,05 Jun 2096,,05 Jun 2096,05 Jun 2096,,
AMAVASYA,20 Jun 2096,,,,,,,,,
PURNIMA,05 Jul 2096,,,,,,,,,
AMAVASYA,19 Jul 2096,,,,,,,,,
PURNIMA,04 Aug 2096,,,,,,,,,
AMAVASYA,18 Aug 2096,,,,,,,,,
PURNIMA,02 Sep 2096,,,,,,,,,
AMAVASYA,16 Sep 2096,,,,,,,,,
PURNIMA,02 Oct 2096,※,※,※,※,,01 Oct 2096,※,,
AMAVASYA,16 Oct 2096,,,,,,,,,
PURNIMA,31 Oct 2096,,,,,,,,,
AMAVASYA,14 Nov 2096,,,,,,,,,
PURNIMA ※,29 Nov 2096,,,,,,,,,
AMAVASYA,14 Dec 2096,,,,,,,,,
PURNIMA,29 Dec 2096,,,,,,,,,
AMAVASYA,13 Jan 2097,,,,,,,,,
PURNIMA,27 Jan 2097,,,,,,,,,
AMAVASYA,12 Feb 2097,,,,,,,,,
PURNIMA,26 Feb 2097,,,,,,,,,
AMAVASYA,13 Mar 2097,,,,,,,,,
PURNIMA,27 Mar 2097,,,,,,,,,
AMAVASYA,12 Apr 2097,,,,,,,,,
PURNIMA,26 Apr 2097,,,,,,,,,
AMAVASYA,11 May 2097,,,,,,,,,
PURNIMA,26 May 2097,,,,25 May 2097,,25 May 2097,25 May 2097,,
AMAVASYA,10 Jun 2097,,,,,,,,,
PURNIMA,24 Jun 2097,,,,,,,,,
AMAVASYA,09 Jul 2097,,,,,,,,,
PURNIMA,24 Jul 2097,,,,,,,,,
AMAVASYA,07 Aug 2097,,,,,,,,,
PURNIMA,22 Aug 2097,,,,,,,,,
AMAVASYA ※,05 Sep 2097,※,,※,※,06 Sep 2097,,,※,06 Sep 2097
PURNIMA,21 Sep 2097,,,,,,,,,
AMAVASYA,05 Oct 2097,,,,,,,,,
PURNIMA,21 Oct 2097,20 Oct 2097,20 Oct 2097,※,20 Oct 2097,,20 Oct 2097,20 Oct 2097,※,
AMAVASYA,04 Nov 2097,03 Nov 2097,03 Nov 2097,03 Nov 2097,03 Nov 2097,03 Nov 2097,03 Nov 2097,03 Nov 2097,03 Nov 2097,
PURNIMA,19 Nov 2097,,,,,,,,,
AMAVASYA,03 Dec 2097,,,,,,,,,
PURNIMA ※,18 Dec 2097,,,,,※,,,※,※
AMAVASYA,02 Jan 2098,,,,,,,,,
PURNIMA,17 Jan 2098,,,,,,,,,
AMAVASYA,01 Feb 2098,,,,,,,,,
PURNIMA,15 Feb 2098,,,,,,,,,
AMAVASYA,03 Mar 2098,02 Mar 2098,02 Mar 2098,02 Mar 2098,02 Mar 2098,,02 Mar 2098,02 Mar 2098,,
PURNIMA,17 Mar 2098,,,,,,,,,
AMAVASYA,01 Apr 2098,,,,,,,,,
PURNIMA,15 Apr 2098,,,,,,,,,
AMAVASYA,01 May 2098,,,,,,,,,
PURNIMA,15 May 2098,,,,,,,,,
AMAVASYA,30 May 2098,,,,,,,,,
PURNIMA,13 Jun 2098,,,,,,,,,
AMAVASYA,29 Jun 2098,,,,,,,,,
PURNIMA,13 Jul 2098,,,,,,,,,
AMAVASYA,28 Jul 2098,,,,,,,,,
PURNIMA,11 Aug 2098,,,,,12 Aug 2098,,,,
AMAVASYA,26 Aug 2098,,,,,,,,,
PURNIMA,10 Sep 2098,,,,,,,,,
AMAVASYA ※,24 Sep 2098,※,,※,※,※,,,※,※
PURNIMA,10 Oct 2098,,,,,,,,,
AMAVASYA,24 Oct 2098,,,,,,,,,
PURNIMA,08 Nov 2098,,,,,,,,,
AMAVASYA,22 Nov 2098,,,,,,,,,
PURNIMA,08 Dec 2098,,,,,,,,,
AMAVASYA,22 Dec 2098,,,,,,,,,
PURNIMA,07 Jan 2099,06 Jan 2099,06 Jan 2099,※,06 Jan 2099,※,06 Jan 2099,06 Jan 2099,※,※
AMAVASYA,21 Jan 2099,,,,,,,,,
PURNIMA,05 Feb 2099,,,,,,,,,
AMAVASYA,20 Feb 2099,19 Feb 2099,19 Feb 2099,19 Feb 2099,19 Feb 2099,19 Feb 2099,19 Feb 2099,19 Feb 2099,19 Feb 2099,19 Feb 2099
PURNIMA ※,06 Mar 2099,,,※,,※,,,※,※
AMAVASYA,21 Mar 2099,,,,,,,,,
PURNIMA,05 Apr 2099,,,,,,,,,
AMAVASYA,20 Apr 2099,,,,,,,,,
PURNIMA,04 May 2099,,,,,,,,,
AMAVASYA,20 May 2099,,,,,,,,,
PURNIMA,03 Jun 2099,,,,,,,,,
AMAVASYA,18 Jun 2099,,,,,,,,,
PURNIMA,02 Jul 2099,,,,,,,,,
AMAVASYA,18 Jul 2099,※,※,,※,,※,※,,
PURNIMA,01 Aug 2099,,,,31 Jul 2099,,31 Jul 2099,31 Jul 2099,,
AMAVASYA,16 Aug 2099,,,,,,,,,
PURNIMA,30 Aug 2099,,,,,,,,,
AMAVASYA,14 Sep 2099,,,,,,,,,
PURNIMA,29 Sep 2099,,,,,,,,,
AMAVASYA,14 Oct 2099,※,※,※,※,,※,※,※,
PURNIMA,29 Oct 2099,28 Oct 2099,28 Oct 2099,28 Oct 2099,28 Oct 2099,,28 Oct 2099,28 Oct 2099,,
AMAVASYA,12 Nov 2099,,,,,,,,,
PURNIMA,27 Nov 2099,,,,,,,,,
AMAVASYA ※,11 Dec 2099,,,,,,,,,
PURNIMA,27 Dec 2099,,,,,,,,,
AMAVASYA,10 Jan 2100,,,,,,,,,
PURNIMA,26 Jan 2100,25 Jan 2100,25 Jan 2100,※,25 Jan 2100,,25 Jan 2100,25 Jan 2100,※,
AMAVASYA,09 Feb 2100,08 Feb 2100,08 Feb 2100,,08 Feb 2100,,08 Feb 2100,08 Feb 2100,,
PURNIMA,24 Feb 2100,,,,,,,,,
AMAVASYA,10 Mar 2100,,,,,,,,,
PURNIMA,26 Mar 2100,※,※,※,※,,※,※,,
AMAVASYA,09 Apr 2100,,,,,,,,,
PURNIMA,24 Apr 2100,,,,,,,,,
AMAVASYA,09 May 2100,,,,,,,,,
PURNIMA,23 May 2100,,,,,,,,,
AMAVASYA,07 Jun 2100,,,,,08 Jun 2100,,,,
PURNIMA,22 Jun 2100,,,,※,,※,※,,
AMAVASYA,07 Jul 2100,,,,,,,,,
PURNIMA,21 Jul 2100,,,,,,,,,
AMAVASYA,05 Aug 2100,,,※,,06 Aug 2100,,,※,※
PURNIMA,19 Aug 2100,,,,,,,,,
AMAVASYA,04 Sep 2100,,,,,,,,,
PURNIMA,18 Sep 2100,,,,,,,,,
AMAVASYA,03 Oct 2100,,,,,,,,,
PURNIMA,18 Oct 2100,17 Oct 2100,17 Oct 2100,17 Oct 2100,17 Oct 2100,,17 Oct 2100,17 Oct 2100,,
AMAVASYA,02 Nov 2100,※,※,,※,,※,※,,
PURNIMA,16 Nov 2100,,,,,,,,,
AMAVASYA,01 Dec 2100,,,,,,,,,
PURNIMA,16 Dec 2100,,,,,,,,,
AMAVASYA ※,30 Dec 2100,,,,,※,,,,※
